-- phpMyAdmin SQL Dump
-- version 4.6.5.2
-- https://www.phpmyadmin.net/
--
-- Servidor: localhost
-- Tiempo de generación: 27-04-2017 a las 16:43:21
-- Versión del servidor: 10.1.21-MariaDB
-- Versión de PHP: 5.6.30

SET SQL_MODE = "NO_AUTO_VALUE_ON_ZERO";
SET time_zone = "+00:00";


/*!40101 SET @OLD_CHARACTER_SET_CLIENT=@@CHARACTER_SET_CLIENT */;
/*!40101 SET @OLD_CHARACTER_SET_RESULTS=@@CHARACTER_SET_RESULTS */;
/*!40101 SET @OLD_COLLATION_CONNECTION=@@COLLATION_CONNECTION */;
/*!40101 SET NAMES utf8mb4 */;

--
-- Base de datos: `gest_doc`
--

-- --------------------------------------------------------

--
-- Estructura de tabla para la tabla `ANTECEDENTES`
--

CREATE TABLE `ANTECEDENTES` (
  `ID_ANTECEDENTES` int(11) NOT NULL,
  `PARIENTE` text,
  `DESCRIPCION` text
) ENGINE=InnoDB DEFAULT CHARSET=latin1;

-- --------------------------------------------------------

--
-- Estructura de tabla para la tabla `ANTECEDENTES_PATOLOGICOS`
--

CREATE TABLE `ANTECEDENTES_PATOLOGICOS` (
  `ID_ANTECEDENTES_PATOLOGICOS` int(11) NOT NULL,
  `OIDO_SUPURACION` text,
  `OIDO_OPERACIONES` text,
  `OIDO_MAREO` text,
  `NARIZ_OBSTRUCCION` text,
  `NARIZ_TRAUMATISMO` text,
  `BOCA_ANOMALIA_PALADAR` text,
  `BOCA_OPERACIONES` text,
  `BOCA_DENTADURA` text,
  `LARINGE_INFECCIONES` text,
  `LARINGE_OPERACIONES` text,
  `FARINGE_INFLAMACIONES` text,
  `FARINGE_TUMORES` text,
  `FERINGE_OPERACIONES` text,
  `ALIMENTACION` text,
  `DEGLUCION` text,
  `OTRO` text,
  `TRACTO_RESPIRATIORIO_INFERIOR` text,
  `CONVULSIONES` text,
  `EXAMENES_Y_TRATAMIENTOS_ANTERIORES` text
) ENGINE=InnoDB DEFAULT CHARSET=latin1;

-- --------------------------------------------------------

--
-- Estructura de tabla para la tabla `APRENDIZAJE_BASICO`
--

CREATE TABLE `APRENDIZAJE_BASICO` (
  `ID_APRENDIZAJE` int(11) NOT NULL,
  `ACTIVIDAD` text,
  `EDAD_LOGRO` int(11) DEFAULT NULL,
  `LOGRO` tinyint(1) DEFAULT NULL,
  `DESCRIPCION` text
) ENGINE=InnoDB DEFAULT CHARSET=latin1;

-- --------------------------------------------------------

--
-- Estructura de tabla para la tabla `CIUDAD`
--

CREATE TABLE `CIUDAD` (
  `ID_CIUDAD` int(11) NOT NULL,
  `ID_PROVINCIA` int(11) DEFAULT NULL,
  `CODIGO` varchar(100) DEFAULT NULL,
  `NOMBRE` text
) ENGINE=InnoDB DEFAULT CHARSET=latin1;

--
-- Volcado de datos para la tabla `CIUDAD`
--

INSERT INTO `CIUDAD` (`ID_CIUDAD`, `ID_PROVINCIA`, `CODIGO`, `NOMBRE`) VALUES
(1, 1, '101', 'CUENCA'),
(2, 1, '102', 'GIR?N'),
(3, 1, '103', 'GUALACEO'),
(4, 1, '104', 'NAB?N'),
(5, 1, '105', 'PAUTE'),
(6, 1, '106', 'PUCARA'),
(7, 1, '107', 'SAN FERNANDO'),
(8, 1, '108', 'SANTA ISABEL'),
(9, 1, '109', 'SIGSIG'),
(10, 1, '110', 'O?A'),
(11, 1, '111', 'CHORDELEG'),
(12, 1, '112', 'EL PAN'),
(13, 1, '113', 'SEVILLA DE ORO'),
(14, 1, '114', 'GUACHAPALA'),
(15, 1, '115', 'CAMILO PONCE ENR?QUEZ'),
(16, 2, '201', 'GUARANDA'),
(17, 2, '202', 'CHILLANES'),
(18, 2, '203', 'CHIMBO'),
(19, 2, '204', 'ECHEAND?A'),
(20, 2, '205', 'SAN MIGUEL'),
(21, 2, '206', 'CALUMA'),
(22, 2, '207', 'LAS NAVES'),
(23, 3, '301', 'AZOGUES'),
(24, 3, '302', 'BIBLI?N'),
(25, 3, '303', 'CA?AR'),
(26, 3, '304', 'LA TRONCAL'),
(27, 3, '305', 'EL TAMBO'),
(28, 3, '306', 'D?LEG'),
(29, 3, '307', 'SUSCAL'),
(30, 4, '401', 'TULC?N'),
(31, 4, '402', 'BOL?VAR'),
(32, 4, '403', 'ESPEJO'),
(33, 4, '404', 'MIRA'),
(34, 4, '405', 'MONT?FAR'),
(35, 4, '406', 'SAN PEDRO DE HUACA'),
(36, 5, '501', 'LATACUNGA'),
(37, 5, '502', 'LA MAN?'),
(38, 5, '503', 'PANGUA'),
(39, 5, '504', 'PUJILI'),
(40, 5, '505', 'SALCEDO'),
(41, 5, '506', 'SAQUISIL?'),
(42, 5, '507', 'SIGCHOS'),
(43, 6, '601', 'RIOBAMBA'),
(44, 6, '602', 'ALAUSI'),
(45, 6, '603', 'COLTA'),
(46, 6, '604', 'CHAMBO'),
(47, 6, '605', 'CHUNCHI'),
(48, 6, '606', 'GUAMOTE'),
(49, 6, '607', 'GUANO'),
(50, 6, '608', 'PALLATANGA'),
(51, 6, '609', 'PENIPE'),
(52, 6, '610', 'CUMAND?'),
(53, 7, '701', 'MACHALA'),
(54, 7, '702', 'ARENILLAS'),
(55, 7, '703', 'ATAHUALPA'),
(56, 7, '704', 'BALSAS'),
(57, 7, '705', 'CHILLA'),
(58, 7, '706', 'EL GUABO'),
(59, 7, '707', 'HUAQUILLAS'),
(60, 7, '708', 'MARCABEL?'),
(61, 7, '709', 'PASAJE'),
(62, 7, '710', 'PI?AS'),
(63, 7, '711', 'PORTOVELO'),
(64, 7, '712', 'SANTA ROSA'),
(65, 7, '713', 'ZARUMA'),
(66, 7, '714', 'LAS LAJAS'),
(67, 8, '801', 'ESMERALDAS'),
(68, 8, '802', 'ELOY ALFARO'),
(69, 8, '803', 'MUISNE'),
(70, 8, '804', 'QUININD?'),
(71, 8, '805', 'SAN LORENZO'),
(72, 8, '806', 'ATACAMES'),
(73, 8, '807', 'RIOVERDE'),
(74, 8, '808', 'LA CONCORDIA'),
(75, 9, '901', 'GUAYAQUIL'),
(76, 9, '902', 'ALFREDO BAQUERIZO MORENO (JUJ?N)'),
(77, 9, '903', 'BALAO'),
(78, 9, '904', 'BALZAR'),
(79, 9, '905', 'COLIMES'),
(80, 9, '906', 'DAULE'),
(81, 9, '907', 'DUR?N'),
(82, 9, '908', 'EL EMPALME'),
(83, 9, '909', 'EL TRIUNFO'),
(84, 9, '910', 'MILAGRO'),
(85, 9, '911', 'NARANJAL'),
(86, 9, '912', 'NARANJITO'),
(87, 9, '913', 'PALESTINA'),
(88, 9, '914', 'PEDRO CARBO'),
(89, 9, '916', 'SAMBOROND?N'),
(90, 9, '918', 'SANTA LUC?A'),
(91, 9, '919', 'SALITRE (URBINA JADO)'),
(92, 9, '920', 'SAN JACINTO DE YAGUACHI'),
(93, 9, '921', 'PLAYAS'),
(94, 9, '922', 'SIM?N BOL?VAR'),
(95, 9, '923', 'CORONEL MARCELINO MARIDUE?A'),
(96, 9, '924', 'LOMAS DE SARGENTILLO'),
(97, 9, '925', 'NOBOL'),
(98, 9, '927', 'GENERAL ANTONIO ELIZALDE'),
(99, 9, '928', 'ISIDRO AYORA'),
(100, 10, '1001', 'IBARRA'),
(101, 10, '1002', 'ANTONIO ANTE'),
(102, 10, '1003', 'COTACACHI'),
(103, 10, '1004', 'OTAVALO'),
(104, 10, '1005', 'PIMAMPIRO'),
(105, 10, '1006', 'SAN MIGUEL DE URCUQU?'),
(106, 11, '1101', 'LOJA'),
(107, 11, '1102', 'CALVAS'),
(108, 11, '1103', 'CATAMAYO'),
(109, 11, '1104', 'CELICA'),
(110, 11, '1105', 'CHAGUARPAMBA'),
(111, 11, '1106', 'ESP?NDOLA'),
(112, 11, '1107', 'GONZANAM?'),
(113, 11, '1108', 'MACAR?'),
(114, 11, '1109', 'PALTAS'),
(115, 11, '1110', 'PUYANGO'),
(116, 11, '1111', 'SARAGURO'),
(117, 11, '1112', 'SOZORANGA'),
(118, 11, '1113', 'ZAPOTILLO'),
(119, 11, '1114', 'PINDAL'),
(120, 11, '1115', 'QUILANGA'),
(121, 11, '1116', 'OLMEDO'),
(122, 12, '1201', 'BABAHOYO'),
(123, 12, '1202', 'BABA'),
(124, 12, '1203', 'MONTALVO'),
(125, 12, '1204', 'PUEBLOVIEJO'),
(126, 12, '1205', 'QUEVEDO'),
(127, 12, '1206', 'URDANETA'),
(128, 12, '1207', 'VENTANAS'),
(129, 12, '1208', 'V?NCES'),
(130, 12, '1209', 'PALENQUE'),
(131, 12, '1210', 'BUENA F?'),
(132, 12, '1211', 'VALENCIA'),
(133, 12, '1212', 'MOCACHE'),
(134, 12, '1213', 'QUINSALOMA'),
(135, 13, '1301', 'PORTOVIEJO'),
(136, 13, '1302', 'BOL?VAR'),
(137, 13, '1303', 'CHONE'),
(138, 13, '1304', 'EL CARMEN'),
(139, 13, '1305', 'FLAVIO ALFARO'),
(140, 13, '1306', 'JIPIJAPA'),
(141, 13, '1307', 'JUN?N'),
(142, 13, '1308', 'MANTA'),
(143, 13, '1309', 'MONTECRISTI'),
(144, 13, '1310', 'PAJ?N'),
(145, 13, '1311', 'PICHINCHA'),
(146, 13, '1312', 'ROCAFUERTE'),
(147, 13, '1313', 'SANTA ANA'),
(148, 13, '1314', 'SUCRE'),
(149, 13, '1315', 'TOSAGUA'),
(150, 13, '1316', '24 DE MAYO'),
(151, 13, '1317', 'PEDERNALES'),
(152, 13, '1318', 'OLMEDO'),
(153, 13, '1319', 'PUERTO L?PEZ'),
(154, 13, '1320', 'JAMA'),
(155, 13, '1321', 'JARAMIJ?'),
(156, 13, '1322', 'SAN VICENTE'),
(157, 14, '1401', 'MORONA'),
(158, 14, '1402', 'GUALAQUIZA'),
(159, 14, '1403', 'LIM?N INDANZA'),
(160, 14, '1404', 'PALORA'),
(161, 14, '1405', 'SANTIAGO'),
(162, 14, '1406', 'SUC?A'),
(163, 14, '1407', 'HUAMBOYA'),
(164, 14, '1408', 'SAN JUAN BOSCO'),
(165, 14, '1409', 'TAISHA'),
(166, 14, '1410', 'LOGRO?O'),
(167, 14, '1411', 'PABLO SEXTO'),
(168, 14, '1412', 'TIWINTZA'),
(169, 15, '1501', 'TENA'),
(170, 15, '1503', 'ARCHIDONA'),
(171, 15, '1504', 'EL CHACO'),
(172, 15, '1507', 'QUIJOS'),
(173, 15, '1509', 'CARLOS JULIO AROSEMENA TOLA'),
(174, 16, '1601', 'PASTAZA'),
(175, 16, '1602', 'MERA'),
(176, 16, '1603', 'SANTA CLARA'),
(177, 16, '1604', 'ARAJUNO'),
(178, 17, '1701', 'QUITO'),
(179, 17, '1702', 'CAYAMBE'),
(180, 17, '1703', 'MEJIA'),
(181, 17, '1704', 'PEDRO MONCAYO'),
(182, 17, '1705', 'RUMI?AHUI'),
(183, 17, '1707', 'SAN MIGUEL DE LOS BANCOS'),
(184, 17, '1708', 'PEDRO VICENTE MALDONADO'),
(185, 17, '1709', 'PUERTO QUITO'),
(186, 18, '1801', 'AMBATO'),
(187, 18, '1802', 'BA?OS DE AGUA SANTA'),
(188, 18, '1803', 'CEVALLOS'),
(189, 18, '1804', 'MOCHA'),
(190, 18, '1805', 'PATATE'),
(191, 18, '1806', 'QUERO'),
(192, 18, '1807', 'SAN PEDRO DE PELILEO'),
(193, 18, '1808', 'SANTIAGO DE P?LLARO'),
(194, 18, '1809', 'TISALEO'),
(195, 19, '1901', 'ZAMORA'),
(196, 19, '1902', 'CHINCHIPE'),
(197, 19, '1903', 'NANGARITZA'),
(198, 19, '1904', 'YACUAMBI'),
(199, 19, '1905', 'YANTZAZA (YANZATZA)'),
(200, 19, '1906', 'EL PANGUI'),
(201, 19, '1907', 'CENTINELA DEL C?NDOR'),
(202, 19, '1908', 'PALANDA'),
(203, 19, '1909', 'PAQUISHA'),
(204, 20, '2001', 'SAN CRIST?BAL'),
(205, 20, '2002', 'ISABELA'),
(206, 20, '2003', 'SANTA CRUZ'),
(207, 21, '2101', 'LAGO AGRIO'),
(208, 21, '2102', 'GONZALO PIZARRO'),
(209, 21, '2103', 'PUTUMAYO'),
(210, 21, '2104', 'SHUSHUFINDI'),
(211, 21, '2105', 'SUCUMB?OS'),
(212, 21, '2106', 'CASCALES'),
(213, 21, '2107', 'CUYABENO'),
(214, 22, '2201', 'ORELLANA'),
(215, 22, '2202', 'AGUARICO'),
(216, 22, '2203', 'LA JOYA DE LOS SACHAS'),
(217, 22, '2204', 'LORETO'),
(218, 23, '2301', 'SANTO DOMINGO'),
(219, 24, '2401', 'SANTA ELENA'),
(220, 24, '2402', 'LA LIBERTAD'),
(221, 24, '2403', 'SALINAS'),
(222, 25, '9001', 'LAS GOLONDRINAS'),
(223, 25, '9003', 'MANGA DEL CURA'),
(224, 25, '9004', 'EL PIEDRERO');

-- --------------------------------------------------------

--
-- Estructura de tabla para la tabla `CONDUCTA`
--

CREATE TABLE `CONDUCTA` (
  `ID_CONDUCTA` int(11) NOT NULL,
  `CARACTERISTICA` text,
  `CUMPLE` tinyint(1) DEFAULT NULL
) ENGINE=InnoDB DEFAULT CHARSET=latin1;

-- --------------------------------------------------------

--
-- Estructura de tabla para la tabla `CONSULTA_MEDICA`
--

CREATE TABLE `CONSULTA_MEDICA` (
  `ID_CONSULTA` int(11) NOT NULL,
  `FECHA` date DEFAULT NULL,
  `MOTIVO_CONSULTA` text,
  `DIAGNOSTICO_MEDICO` text,
  `PRENATAL_MEDICAMENTOS` text,
  `DOSIS` text,
  `PROBLEMATICA_ACTUAL` text,
  `PROTESIS` text,
  `ALERGIAS` text
) ENGINE=InnoDB DEFAULT CHARSET=latin1;

-- --------------------------------------------------------

--
-- Estructura de tabla para la tabla `DATOS_PERSONAL`
--

CREATE TABLE `DATOS_PERSONAL` (
  `ID_DATOS_PERSONAL` int(11) NOT NULL,
  `NOMBRES` text,
  `APELLIDOS` text,
  `CEDULA` int(11) DEFAULT NULL,
  `CARGO` text,
  `TIPO` text,
  `CICLO` text,
  `ESTADO` text,
  `FECHA_INGRESO_INSTITUCION` text,
  `TELEFONO` text,
  `EMAIL` text,
  `DIRECCION` text
) ENGINE=InnoDB DEFAULT CHARSET=latin1;

-- --------------------------------------------------------

--
-- Estructura de tabla para la tabla `DESARROLLO_MOTOR_Y_LENGUAJE`
--

CREATE TABLE `DESARROLLO_MOTOR_Y_LENGUAJE` (
  `ID_DESARROLLO_MOTOR` int(11) NOT NULL,
  `MOTOR_SOSTEN_CEFALICO` text,
  `MOTOR_GIROS` text,
  `MOTOR_POSICION_SENTADA` text,
  `MOTOR_GATEO` text,
  `MOTOR_BEPEDESTACION` text,
  `MOTOR_MARCHA` text,
  `LENGUAJE_SONRISA_SOCIAL` text,
  `LENGUAJE_BALBUCEO` text,
  `LENGUAJE_FRASES` text,
  `LENGUAJE_COMUNICA_ACTUALMENTE` text,
  `LENGUAJE_GORGEO` text,
  `LENGUAJE_PRIMERA_PALABRA` text,
  `LENGUAJE_ORACIONES` text
) ENGINE=InnoDB DEFAULT CHARSET=latin1;

-- --------------------------------------------------------

--
-- Estructura de tabla para la tabla `DOCUMENTO_ESTUDIANTE`
--

CREATE TABLE `DOCUMENTO_ESTUDIANTE` (
  `ID_DOCUMENTO` int(11) NOT NULL,
  `RUTA_DOCUMENTO` text,
  `FECHA` date DEFAULT NULL,
  `TIPO_DOCUMENTO` text,
  `DESCRIPCION` text
) ENGINE=InnoDB DEFAULT CHARSET=latin1;

-- --------------------------------------------------------

--
-- Estructura de tabla para la tabla `EGRESOS_SITUACION_ECONOMICA`
--

CREATE TABLE `EGRESOS_SITUACION_ECONOMICA` (
  `ID_EGRESOS` int(11) NOT NULL,
  `DESCRIPCION_RUBRO` text,
  `MONTO_EGRESO` decimal(8,2) DEFAULT NULL,
  `OBSERVACIONES` text
) ENGINE=InnoDB DEFAULT CHARSET=latin1;

-- --------------------------------------------------------

--
-- Estructura de tabla para la tabla `ENTIDAD`
--

CREATE TABLE `ENTIDAD` (
  `ID_ENTIDAD` int(11) NOT NULL,
  `RAZON_SOCIAL` text,
  `NOMBRE_CORTO` text,
  `DIRECCION` text,
  `TELEFONO` text,
  `CORREO` text,
  `RUC` text,
  `FECHA_CREACION` date DEFAULT NULL,
  `DESCRIPCION` text,
  `RUTA_LOGO` text
) ENGINE=InnoDB DEFAULT CHARSET=latin1;

-- --------------------------------------------------------

--
-- Estructura de tabla para la tabla `ESTRUCTURA_FAMILIAR`
--

CREATE TABLE `ESTRUCTURA_FAMILIAR` (
  `ID_CONVIVE` int(11) NOT NULL,
  `NOMBRES` text,
  `APELLIDOS` text,
  `PARENTESCO` text,
  `EDAD` int(11) DEFAULT NULL,
  `INSTRUCCION` text,
  `OCUPACION` text,
  `DISCAPACIDAD` tinyint(1) DEFAULT NULL,
  `DESCRIPCION_DISCAPACIDAD` text,
  `OBSERVACION` text,
  `CONVIVE` tinyint(1) DEFAULT NULL
) ENGINE=InnoDB DEFAULT CHARSET=latin1;

-- --------------------------------------------------------

--
-- Estructura de tabla para la tabla `ESTRUCTURA_Y_FUNCION_ORAL`
--

CREATE TABLE `ESTRUCTURA_Y_FUNCION_ORAL` (
  `ID_ESTRUCTURA_Y_FUNCION_ORAL` int(11) NOT NULL,
  `LENGUA_TAMANIO` text,
  `LENGUA_PROTRUCION_RECTA` text,
  `LANGUA_LATERALIZACION_IZQ` text,
  `LENGUA_LATERALIZACION_DER` text,
  `LENGUA_ELEVACION_DIENTES_SUPERIORES` text,
  `LENGUA_MOV_ALTERNOS_SACAR_METER` text,
  `LENGUA_MOV_ALTERNOS_PRODUCIR_LA` text,
  `LENGUA_MOV_ALTERNOS_PRODUCIR_KA` text,
  `LENGUA_MOV_ALTERNOS_VIBRAR` text,
  `LENGUA_ACANALARLA` text,
  `LENGUA_TEMBLORES` text,
  `LENGUA_OBSERVACIONES` text,
  `LABIOS_SIMETRIA_FORMA` text,
  `LABIOS_PROTUCION` text,
  `LABIOS_RETRACCION` text,
  `LABIOS_ABRIR_CERRAR_BOCA` text,
  `LABIOS_APRETAR_BOCA` text,
  `LABIOS_PRODUCCION` text,
  `LABIOS_OBSERVACIONES` text,
  `PALADAR_SIMETRIA_FORMA` text,
  `PALADAR_UVULA` text,
  `PALADAR_MOVILIDAD_VELO` text,
  `PALADAR_OBSERVACIONES` text,
  `DIENTES_IMPLANTACION` text,
  `DIENTES_ESTADOS` text,
  `DIENTES_OCLUSION` text,
  `DIENTES_DENTATURA_POSTIZA` text,
  `DIENTES_OBSERVACIONES` text,
  `MOV_MAXILAR_DER` text,
  `MOV_MAXILAR_IZQ` text,
  `MOV_MAXILAR_ADELANTE` text,
  `MOV_MAXILAR_ROTACION` text,
  `REPORTE_PACIENTE_DEGLUTIR_VOLUNTARIO` tinyint(1) DEFAULT NULL,
  `REPORTE_PACIENTE_DEGLUTIR_INVOLUNTARIO` tinyint(1) DEFAULT NULL,
  `REPORTE_PACIENTE_MASTICAR` text,
  `REPORTE_PACIENTE_CARRASPEAR` text,
  `REPORTE_PACIENTE_CIALORREA` text,
  `REPORTE_PACIENTE_REFLEJO_PALADAR` text,
  `REPORTE_PACIENTE_DIFICULTAD_MOV_ORALES` text,
  `REPORTE_PACIENTE_OBSERVACIONES` text
) ENGINE=InnoDB DEFAULT CHARSET=latin1;

-- --------------------------------------------------------

--
-- Estructura de tabla para la tabla `ESTUDIANTE`
--

CREATE TABLE `ESTUDIANTE` (
  `ID_ESTUDIANTE` int(11) NOT NULL,
  `ID_PARROQUIA` int(11) DEFAULT NULL,
  `ID_CIUDAD` int(11) DEFAULT NULL,
  `ID_PROVINCIA` int(11) DEFAULT NULL,
  `ID_REGION` int(11) DEFAULT NULL,
  `ID_PAIS` int(11) DEFAULT NULL,
  `NOMBRES` text,
  `APELLIDOS` text,
  `CEDULA` int(11) DEFAULT NULL,
  `DOMICILIO` varchar(256) DEFAULT NULL,
  `SECTOR` varchar(100) DEFAULT NULL,
  `CAMBIO_DOMICILIO` varchar(256) DEFAULT NULL,
  `USA_TELEFONO` tinyint(1) DEFAULT NULL,
  `EDAD` int(11) DEFAULT NULL,
  `FECHA_NACIMIENTO` date DEFAULT NULL,
  `RUTA_FOTO` varchar(256) DEFAULT NULL,
  `RIESGO_FAMILIAR_RESPONSABLE_DESPUES_ESCUELA` text,
  `NUMERO_CARNET_CONADIS` bigint(20) DEFAULT NULL,
  `CARNET_CONADIS` tinyint(1) DEFAULT NULL,
  `PORCENTAJE_DISCAPACIDAD` text,
  `FECHA_INGRESO_IFEE` date DEFAULT NULL,
  `TRANSPORTE_LLEGADA` text,
  `TELEFONO_TRANSPORTE` int(11) DEFAULT NULL,
  `TELEFONO` text
) ENGINE=InnoDB DEFAULT CHARSET=latin1;

-- --------------------------------------------------------

--
-- Estructura de tabla para la tabla `FICHA_LOGOPEDICA`
--

CREATE TABLE `FICHA_LOGOPEDICA` (
  `ID_LOGOPEDICA` int(11) NOT NULL,
  `MOTIVO_CONSULTA` text,
  `CARACTERISTICA_VOZ` text,
  `CARACTERISTICA_RESPIRACION` text,
  `DESPITAJE_AUDICION` text,
  `IMPRESION_DIAGNOSTICA` text,
  `OBSERVACIONES` text,
  `RECOMENDACIONES` text
) ENGINE=InnoDB DEFAULT CHARSET=latin1;

-- --------------------------------------------------------

--
-- Estructura de tabla para la tabla `HABILIDADES`
--

CREATE TABLE `HABILIDADES` (
  `ID_HABILIDAD` int(11) NOT NULL,
  `ETAPA` text,
  `EDAD` int(11) DEFAULT NULL,
  `DESCRIPCION` text
) ENGINE=InnoDB DEFAULT CHARSET=latin1;

-- --------------------------------------------------------

--
-- Estructura de tabla para la tabla `HISTORIAL_DESARROLLO_SOCIOAFECTIVO`
--

CREATE TABLE `HISTORIAL_DESARROLLO_SOCIOAFECTIVO` (
  `ID_PSICOLOGIA2` int(11) NOT NULL,
  `PRENATAL_EDAD_MATERNA_EMBARAZO` int(11) DEFAULT NULL,
  `PRENATAL_NUMERO_EMBARAZOS` int(11) DEFAULT NULL,
  `PRENATAL_ABORTOS` int(11) DEFAULT NULL,
  `PRENATAL_NUMERO_HIJOS` int(11) DEFAULT NULL,
  `PRENATAL_CONTROLES_EMBARAZO` tinyint(1) DEFAULT NULL,
  `PRENATAL_NUMERO_LUGAR_HIJO` int(11) DEFAULT NULL,
  `PRENATAL_INFECCION_VAGINAL` tinyint(1) DEFAULT NULL,
  `PRENATAL_CAIDAS` tinyint(1) DEFAULT NULL,
  `PRENATAL_AMENAZA_ABORTO` tinyint(1) DEFAULT NULL,
  `PRENATAL_RAYOSX` tinyint(1) DEFAULT NULL,
  `PRENATAL_MEDICAMENTOS` text,
  `PRENATAL_ALCOHOL` tinyint(1) DEFAULT NULL,
  `PRENATAL_TABACO` tinyint(1) DEFAULT NULL,
  `PRENATAL_DROGAS` tinyint(1) DEFAULT NULL,
  `PRENATAL_OTROS_ESTIMULANTE` text,
  `PRENATAL_ESTADO_EMOCIONAL_EMBARAZO` text,
  `PRENATAL_ALIMENTACION_EMBARAZO` text,
  `PRENATAL_EMBARAZO_PLANIFICADO` tinyint(1) DEFAULT NULL,
  `PRENATAL_EDAD_GESTACIONAL` int(11) DEFAULT NULL,
  `PRENATAL_TIPO_PARTO` text,
  `PRENATAL_CORDON_UMBILICAL_CUELLO` tinyint(1) DEFAULT NULL,
  `POSTNATAL_COLOR` text,
  `POSTNATAL_LLANTO` text,
  `POSTNATAL_CUIDADOS_ESPECIALES` tinyint(1) DEFAULT NULL,
  `POSTNATAL_TIEMPO` int(11) DEFAULT NULL,
  `POSTNATAL_HOSPITALIZACIONES` tinyint(1) DEFAULT NULL,
  `POSTNATAL_CIRUGIAS` text,
  `POSTNATAL_ANOMALIAS` tinyint(1) DEFAULT NULL,
  `POSTNATAL_DESCRIPCION_ANOMALIAS` text,
  `POSTNATAL_ACCIDENTES` text,
  `POSTNATAL_PESO` text,
  `POSTNATAL_TALLA` text,
  `ACTIVIDADES_VIDA_DIARIA_ALIMENTACION_ACTUAL` text,
  `ACTIVIDADES_VIDA_DIARIA_SUENIO` text,
  `ESFINTERES_OBSERVACION` text,
  `VESTIDO_OBSERVACION` text,
  `RELACION_PADRE` text,
  `RELACION_MADRE` text,
  `RELACION_HERMANOS` text,
  `RELACION_LUDICA` text,
  `METODOS_DISCIPLINA_DESCRIPCION` text,
  `EDUCACION_EXPECTATIVA_INGRESO` text,
  `ADICIONALES_METODO_ANTICONCEPTIVO` text,
  `ADICIONALES_BONO` tinyint(1) DEFAULT NULL,
  `ADICIONALES_BONO_DESCRIPCION` text,
  `ADICIONALES_EDAD_MENTAL` int(11) DEFAULT NULL,
  `ADICIONALES_EDAD_FISICA` int(11) DEFAULT NULL,
  `ADICIONALES_PERIODO` text,
  `RELACION_AMIGOS` text,
  `METODOS_DISCIPLINA_PEGA` tinyint(1) DEFAULT NULL,
  `METODOS_DISCIPLINA_REGANIA` tinyint(1) DEFAULT NULL,
  `METODOS_DISCIPLINA_RAZONA` tinyint(1) DEFAULT NULL,
  `METODOS_DISCIPLINA_AMENAZA` tinyint(1) DEFAULT NULL,
  `METODOS_DISCIPLINA_IGNORA` tinyint(1) DEFAULT NULL,
  `METODOS_DISCIPLINA_RETIRA_OBJETO` tinyint(1) DEFAULT NULL,
  `METODOS_DISCIPLINA_NINGUNA` tinyint(1) DEFAULT NULL,
  `METODOS_DISCIPLINA_OTRA` tinyint(1) DEFAULT NULL,
  `METODOS_DISCIPLINA_DESCRIPCION_OTRA` text,
  `BUEN_COMPORTAMIENTO_ELOGIOS` tinyint(1) DEFAULT NULL,
  `BUEN_COMPORTAMIENTO_REGALOS` tinyint(1) DEFAULT NULL,
  `BUEN_COMPORTAMIENTO_CARICIAS` tinyint(1) DEFAULT NULL,
  `BUEN_COMPORTAMIENTO_NINGUN_PREMIO` tinyint(1) DEFAULT NULL,
  `BUEN_COMPORTAMIENTO_COMIDA` tinyint(1) DEFAULT NULL,
  `BUEN_COMPORTAMIENTO_OBJETOS` tinyint(1) DEFAULT NULL,
  `BUEN_COMPORTAMIENTO_HACE_LO_QUE_LE_GUSTA` tinyint(1) DEFAULT NULL,
  `RIESGO_FAMILIAR_PLANIFICACION_FAMILIAR` tinyint(1) DEFAULT NULL,
  `RIESGO_FAMILIAR_CUAL_PLANIFICACION_FAMILIAR` text,
  `RIESGO_FAMILIAR_COMUNICACION_PAREJA` text,
  `RIESGO_FAMILIAR_RESPONSABLE_DESPUES_ESCUELA` text,
  `MALTRATO_FISICO` tinyint(1) DEFAULT NULL,
  `MALTRATO_PSICOLOGICO` tinyint(1) DEFAULT NULL,
  `MALTRATO_SEXUAL` tinyint(1) DEFAULT NULL,
  `MALTRATO_MACHISMO` tinyint(1) DEFAULT NULL,
  `MALTRATO_VIOLENCIA_INTRAFAMILIAR` tinyint(1) DEFAULT NULL,
  `SITUACION_LEGAL` text
) ENGINE=InnoDB DEFAULT CHARSET=latin1;

-- --------------------------------------------------------

--
-- Estructura de tabla para la tabla `HISTORIAL_EDUCATIVO`
--

CREATE TABLE `HISTORIAL_EDUCATIVO` (
  `ID_HISTORIAL` int(11) NOT NULL,
  `NIVEL` text,
  `CUMPLE` tinyint(1) DEFAULT NULL,
  `LUGAR` text,
  `EDAD_DESDE` int(11) DEFAULT NULL,
  `EDAD_HASTA` int(11) DEFAULT NULL,
  `OBSERVACIONES` text
) ENGINE=InnoDB DEFAULT CHARSET=latin1;

-- --------------------------------------------------------

--
-- Estructura de tabla para la tabla `HISTORICO_INFORMACION`
--

CREATE TABLE `HISTORICO_INFORMACION` (
  `ID_HISTORICO` int(11) NOT NULL,
  `ID_ESTUDIANTE` int(11) DEFAULT NULL,
  `ID_PSICOLOGIA2` int(11) DEFAULT NULL,
  `ID_VIVIENDA` int(11) DEFAULT NULL,
  `ID_SALUD` int(11) DEFAULT NULL,
  `ID_EGRESOS` int(11) DEFAULT NULL,
  `ID_INGRESOS` int(11) DEFAULT NULL,
  `ID_DESARROLLO_MOTOR` int(11) DEFAULT NULL,
  `ID_LOGOPEDICA` int(11) DEFAULT NULL,
  `ID_ANTECEDENTES_PATOLOGICOS` int(11) DEFAULT NULL,
  `ID_ESTRUCTURA_Y_FUNCION_ORAL` int(11) DEFAULT NULL,
  `ID_CONSULTA` int(11) DEFAULT NULL,
  `ID_APRENDIZAJE` int(11) DEFAULT NULL,
  `ID_HISTORIAL` int(11) DEFAULT NULL,
  `ID_HABILIDAD` int(11) DEFAULT NULL,
  `ID_MOTRICIDAD` int(11) DEFAULT NULL,
  `ID_CONDUCTA` int(11) DEFAULT NULL,
  `ID_CONVIVE` int(11) DEFAULT NULL,
  `ID_SEGUIMIENTO` int(11) DEFAULT NULL,
  `FECHA` date DEFAULT NULL,
  `DESCRIPCION` text
) ENGINE=InnoDB DEFAULT CHARSET=latin1;

-- --------------------------------------------------------

--
-- Estructura de tabla para la tabla `INFORMACION_SALUD`
--

CREATE TABLE `INFORMACION_SALUD` (
  `ID_SALUD` int(11) NOT NULL,
  `ENFERMEDADES_GRAVES` text,
  `POSTNATAL_ACCIDENTES` text,
  `COMPLETO_VACUNAS` tinyint(1) DEFAULT NULL,
  `TOMA_MEDICAMENTOS` tinyint(1) DEFAULT NULL,
  `VACUNA_FALTANTE` text,
  `DESCONOCE_TOMA_MEDICAMENTO` tinyint(1) DEFAULT NULL,
  `NOMBRE_MEDICAMENTO` text,
  `HOSPITAL_ATENDIDO` text,
  `MEDICO_TRATANTE` text
) ENGINE=InnoDB DEFAULT CHARSET=latin1;

-- --------------------------------------------------------

--
-- Estructura de tabla para la tabla `INGRESOS_SITUACION_ECONOMICA`
--

CREATE TABLE `INGRESOS_SITUACION_ECONOMICA` (
  `ID_INGRESOS` int(11) NOT NULL,
  `DESCRIPCION_APORTANTE` text,
  `MONTO_INGRESO` decimal(8,2) DEFAULT NULL,
  `OBSERVACIONES` text
) ENGINE=InnoDB DEFAULT CHARSET=latin1;

-- --------------------------------------------------------

--
-- Estructura de tabla para la tabla `LDAP`
--

CREATE TABLE `LDAP` (
  `ID_LDAP` int(11) NOT NULL,
  `NOMBRE` text,
  `PUERTO` text,
  `DOMONIO` text,
  `BASEDN` text,
  `USER` text,
  `PASS` text
) ENGINE=InnoDB DEFAULT CHARSET=latin1;

-- --------------------------------------------------------

--
-- Estructura de tabla para la tabla `MOTRICIDAD`
--

CREATE TABLE `MOTRICIDAD` (
  `ID_MOTRICIDAD` int(11) NOT NULL,
  `ETAPA` text,
  `EDAD` int(11) DEFAULT NULL,
  `TIPO` text
) ENGINE=InnoDB DEFAULT CHARSET=latin1;

-- --------------------------------------------------------

--
-- Estructura de tabla para la tabla `PAIS`
--

CREATE TABLE `PAIS` (
  `ID_PAIS` int(11) NOT NULL,
  `CODIGO` varchar(100) DEFAULT NULL,
  `NOMBRE` text
) ENGINE=InnoDB DEFAULT CHARSET=latin1;

--
-- Volcado de datos para la tabla `PAIS`
--

INSERT INTO `PAIS` (`ID_PAIS`, `CODIGO`, `NOMBRE`) VALUES
(1, '593', 'ECUADOR');

-- --------------------------------------------------------

--
-- Estructura de tabla para la tabla `PARROQUIA`
--

CREATE TABLE `PARROQUIA` (
  `ID_PARROQUIA` int(11) NOT NULL,
  `ID_CIUDAD` int(11) DEFAULT NULL,
  `CODIGO` varchar(100) DEFAULT NULL,
  `NOMBRE` text
) ENGINE=InnoDB DEFAULT CHARSET=latin1;

--
-- Volcado de datos para la tabla `PARROQUIA`
--

INSERT INTO `PARROQUIA` (`ID_PARROQUIA`, `ID_CIUDAD`, `CODIGO`, `NOMBRE`) VALUES
(1, 1, '10101', 'BELLAVISTA'),
(2, 1, '10102', 'CA?ARIBAMBA'),
(3, 1, '10103', 'EL BAT?N'),
(4, 1, '10104', 'EL SAGRARIO'),
(5, 1, '10105', 'EL VECINO'),
(6, 1, '10106', 'GIL RAM?REZ D?VALOS'),
(7, 1, '10107', 'HUAYNAC?PAC'),
(8, 1, '10108', 'MACH?NGARA'),
(9, 1, '10109', 'MONAY'),
(10, 1, '10110', 'SAN BLAS'),
(11, 1, '10111', 'SAN SEBASTI?N'),
(12, 1, '10112', 'SUCRE'),
(13, 1, '10113', 'TOTORACOCHA'),
(14, 1, '10114', 'YANUNCAY'),
(15, 1, '10115', 'HERMANO MIGUEL'),
(16, 1, '10150', 'CUENCA'),
(17, 1, '10151', 'BA?OS'),
(18, 1, '10152', 'CUMBE'),
(19, 1, '10153', 'CHAUCHA'),
(20, 1, '10154', 'CHECA (JIDCAY)'),
(21, 1, '10155', 'CHIQUINTAD'),
(22, 1, '10156', 'LLACAO'),
(23, 1, '10157', 'MOLLETURO'),
(24, 1, '10158', 'NULTI'),
(25, 1, '10159', 'OCTAVIO CORDERO PALACIOS (SANTA ROSA)'),
(26, 1, '10160', 'PACCHA'),
(27, 1, '10161', 'QUINGEO'),
(28, 1, '10162', 'RICAURTE'),
(29, 1, '10163', 'SAN JOAQU?N'),
(30, 1, '10164', 'SANTA ANA'),
(31, 1, '10165', 'SAYAUS?'),
(32, 1, '10166', 'SIDCAY'),
(33, 1, '10167', 'SININCAY'),
(34, 1, '10168', 'TARQUI'),
(35, 1, '10169', 'TURI'),
(36, 1, '10170', 'VALLE'),
(37, 1, '10171', 'VICTORIA DEL PORTETE (IRQUIS)'),
(38, 2, '10250', 'GIR?N'),
(39, 2, '10251', 'ASUNCI?N'),
(40, 2, '10252', 'SAN GERARDO'),
(41, 3, '10350', 'GUALACEO'),
(42, 3, '10351', 'CHORDELEG'),
(43, 3, '10352', 'DANIEL C?RDOVA TORAL (EL ORIENTE)'),
(44, 3, '10353', 'JAD?N'),
(45, 3, '10354', 'MARIANO MORENO'),
(46, 3, '10355', 'PRINCIPAL'),
(47, 3, '10356', 'REMIGIO CRESPO TORAL (G?LAG)'),
(48, 3, '10357', 'SAN JUAN'),
(49, 3, '10358', 'ZHIDMAD'),
(50, 3, '10359', 'LUIS CORDERO VEGA'),
(51, 3, '10360', 'SIM?N BOL?VAR (CAB. EN GA?ANZOL)'),
(52, 4, '10450', 'NAB?N'),
(53, 4, '10451', 'COCHAPATA'),
(54, 4, '10452', 'EL PROGRESO (CAB.EN ZHOTA)'),
(55, 4, '10453', 'LAS NIEVES (CHAYA)'),
(56, 4, '10454', 'O?A'),
(57, 5, '10550', 'PAUTE'),
(58, 5, '10551', 'AMALUZA'),
(59, 5, '10552', 'BUL?N (JOS? V?CTOR IZQUIERDO)'),
(60, 5, '10553', 'CHIC?N (GUILLERMO ORTEGA)'),
(61, 5, '10554', 'EL CABO'),
(62, 5, '10555', 'GUACHAPALA'),
(63, 5, '10556', 'GUARAINAG'),
(64, 5, '10557', 'PALMAS'),
(65, 5, '10558', 'PAN'),
(66, 5, '10559', 'SAN CRIST?BAL (CARLOS ORD??EZ LAZO)'),
(67, 5, '10560', 'SEVILLA DE ORO'),
(68, 5, '10561', 'TOMEBAMBA'),
(69, 5, '10562', 'DUG DUG'),
(70, 6, '10650', 'PUCAR?'),
(71, 6, '10651', 'CAMILO PONCE ENR?QUEZ (CAB. EN R?O 7 DE MOLLEPONGO)'),
(72, 6, '10652', 'SAN RAFAEL DE SHARUG'),
(73, 7, '10750', 'SAN FERNANDO'),
(74, 7, '10751', 'CHUMBL?N'),
(75, 8, '10850', 'SANTA ISABEL (CHAGUARURCO)'),
(76, 8, '10851', 'ABD?N CALDER?N (LA UNI?N)'),
(77, 8, '10852', 'EL CARMEN DE PIJIL?'),
(78, 8, '10853', 'ZHAGLLI (SHAGLLI)'),
(79, 8, '10854', 'SAN SALVADOR DE CA?ARIBAMBA'),
(80, 9, '10950', 'SIGSIG'),
(81, 9, '10951', 'CUCHIL (CUTCHIL)'),
(82, 9, '10952', 'GIMA'),
(83, 9, '10953', 'GUEL'),
(84, 9, '10954', 'LUDO'),
(85, 9, '10955', 'SAN BARTOLOM?'),
(86, 9, '10956', 'SAN JOS? DE RARANGA'),
(87, 10, '11050', 'SAN FELIPE DE O?A CABECERA CANTONAL'),
(88, 10, '11051', 'SUSUDEL'),
(89, 11, '11150', 'CHORDELEG'),
(90, 11, '11151', 'PRINCIPAL'),
(91, 11, '11152', 'LA UNI?N'),
(92, 11, '11153', 'LUIS GALARZA ORELLANA (CAB.EN DELEGSOL)'),
(93, 11, '11154', 'SAN MART?N DE PUZHIO'),
(94, 12, '11250', 'EL PAN'),
(95, 12, '11251', 'AMALUZA'),
(96, 12, '11252', 'PALMAS'),
(97, 12, '11253', 'SAN VICENTE'),
(98, 13, '11350', 'SEVILLA DE ORO'),
(99, 13, '11351', 'AMALUZA'),
(100, 13, '11352', 'PALMAS'),
(101, 14, '11450', 'GUACHAPALA'),
(102, 15, '11550', 'CAMILO PONCE ENR?QUEZ'),
(103, 15, '11551', 'EL CARMEN DE PIJIL?'),
(104, 16, '20101', '?NGEL POLIBIO CH?VES'),
(105, 16, '20102', 'GABRIEL IGNACIO VEINTIMILLA'),
(106, 16, '20103', 'GUANUJO'),
(107, 16, '20150', 'GUARANDA'),
(108, 16, '20151', 'FACUNDO VELA'),
(109, 16, '20152', 'GUANUJO'),
(110, 16, '20153', 'JULIO E. MORENO (CATANAHU?N GRANDE)'),
(111, 16, '20154', 'LAS NAVES'),
(112, 16, '20155', 'SALINAS'),
(113, 16, '20156', 'SAN LORENZO'),
(114, 16, '20157', 'SAN SIM?N (YACOTO)'),
(115, 16, '20158', 'SANTA F? (SANTA F?)'),
(116, 16, '20159', 'SIMI?TUG'),
(117, 16, '20160', 'SAN LUIS DE PAMBIL'),
(118, 17, '20250', 'CHILLANES'),
(119, 17, '20251', 'SAN JOS? DEL TAMBO (TAMBOPAMBA)'),
(120, 18, '20350', 'SAN JOS? DE CHIMBO'),
(121, 18, '20351', 'ASUNCI?N (ASANCOTO)'),
(122, 18, '20352', 'CALUMA'),
(123, 18, '20353', 'MAGDALENA (CHAPACOTO)'),
(124, 18, '20354', 'SAN SEBASTI?N'),
(125, 18, '20355', 'TELIMBELA'),
(126, 19, '20450', 'ECHEAND?A'),
(127, 20, '20550', 'SAN MIGUEL'),
(128, 20, '20551', 'BALSAPAMBA'),
(129, 20, '20552', 'BILOV?N'),
(130, 20, '20553', 'R?GULO DE MORA'),
(131, 20, '20554', 'SAN PABLO (SAN PABLO DE ATENAS)'),
(132, 20, '20555', 'SANTIAGO'),
(133, 20, '20556', 'SAN VICENTE'),
(134, 21, '20650', 'CALUMA'),
(135, 22, '20701', 'LAS MERCEDES'),
(136, 22, '20702', 'LAS NAVES'),
(137, 22, '20750', 'LAS NAVES'),
(138, 23, '30101', 'AURELIO BAYAS MART?NEZ'),
(139, 23, '30102', 'AZOGUES'),
(140, 23, '30103', 'BORRERO'),
(141, 23, '30104', 'SAN FRANCISCO'),
(142, 23, '30150', 'AZOGUES'),
(143, 23, '30151', 'COJITAMBO'),
(144, 23, '30152', 'D?LEG'),
(145, 23, '30153', 'GUAP?N'),
(146, 23, '30154', 'JAVIER LOYOLA (CHUQUIPATA)'),
(147, 23, '30155', 'LUIS CORDERO'),
(148, 23, '30156', 'PINDILIG'),
(149, 23, '30157', 'RIVERA'),
(150, 23, '30158', 'SAN MIGUEL'),
(151, 23, '30159', 'SOLANO'),
(152, 23, '30160', 'TADAY'),
(153, 24, '30250', 'BIBLI?N'),
(154, 24, '30251', 'NAZ?N (CAB. EN PAMPA DE DOM?NGUEZ)'),
(155, 24, '30252', 'SAN FRANCISCO DE SAGEO'),
(156, 24, '30253', 'TURUPAMBA'),
(157, 24, '30254', 'JERUSAL?N'),
(158, 25, '30350', 'CA?AR'),
(159, 25, '30351', 'CHONTAMARCA'),
(160, 25, '30352', 'CHOROCOPTE'),
(161, 25, '30353', 'GENERAL MORALES (SOCARTE)'),
(162, 25, '30354', 'GUALLETURO'),
(163, 25, '30355', 'HONORATO V?SQUEZ (TAMBO VIEJO)'),
(164, 25, '30356', 'INGAPIRCA'),
(165, 25, '30357', 'JUNCAL'),
(166, 25, '30358', 'SAN ANTONIO'),
(167, 25, '30359', 'SUSCAL'),
(168, 25, '30360', 'TAMBO'),
(169, 25, '30361', 'ZHUD'),
(170, 25, '30362', 'VENTURA'),
(171, 25, '30363', 'DUCUR'),
(172, 26, '30450', 'LA TRONCAL'),
(173, 26, '30451', 'MANUEL J. CALLE'),
(174, 26, '30452', 'PANCHO NEGRO'),
(175, 27, '30550', 'EL TAMBO'),
(176, 28, '30650', 'D?LEG'),
(177, 28, '30651', 'SOLANO'),
(178, 29, '30750', 'SUSCAL'),
(179, 30, '40101', 'GONZ?LEZ SU?REZ'),
(180, 30, '40102', 'TULC?N'),
(181, 30, '40150', 'TULC?N'),
(182, 30, '40151', 'EL CARMELO (EL PUN)'),
(183, 30, '40152', 'HUACA'),
(184, 30, '40153', 'JULIO ANDRADE (OREJUELA)'),
(185, 30, '40154', 'MALDONADO'),
(186, 30, '40155', 'PIOTER'),
(187, 30, '40156', 'TOBAR DONOSO (LA BOCANA DE CAMUMB?)'),
(188, 30, '40157', 'TUFI?O'),
(189, 30, '40158', 'URBINA (TAYA)'),
(190, 30, '40159', 'EL CHICAL'),
(191, 30, '40160', 'MARISCAL SUCRE'),
(192, 30, '40161', 'SANTA MARTHA DE CUBA'),
(193, 31, '40250', 'BOL?VAR'),
(194, 31, '40251', 'GARC?A MORENO'),
(195, 31, '40252', 'LOS ANDES'),
(196, 31, '40253', 'MONTE OLIVO'),
(197, 31, '40254', 'SAN VICENTE DE PUSIR'),
(198, 31, '40255', 'SAN RAFAEL'),
(199, 32, '40301', 'EL ?NGEL'),
(200, 32, '40302', '27 DE SEPTIEMBRE'),
(201, 32, '40350', 'EL ANGEL'),
(202, 32, '40351', 'EL GOALTAL'),
(203, 32, '40352', 'LA LIBERTAD (ALIZO)'),
(204, 32, '40353', 'SAN ISIDRO'),
(205, 33, '40450', 'MIRA (CHONTAHUASI)'),
(206, 33, '40451', 'CONCEPCI?N'),
(207, 33, '40452', 'JIJ?N Y CAAMA?O (CAB. EN R?O BLANCO)'),
(208, 33, '40453', 'JUAN MONTALVO (SAN IGNACIO DE QUIL)'),
(209, 34, '40501', 'GONZ?LEZ SU?REZ'),
(210, 34, '40502', 'SAN JOS?'),
(211, 34, '40550', 'SAN GABRIEL'),
(212, 34, '40551', 'CRIST?BAL COL?N'),
(213, 34, '40552', 'CHIT?N DE NAVARRETE'),
(214, 34, '40553', 'FERN?NDEZ SALVADOR'),
(215, 34, '40554', 'LA PAZ'),
(216, 34, '40555', 'PIARTAL'),
(217, 35, '40650', 'HUACA'),
(218, 35, '40651', 'MARISCAL SUCRE'),
(219, 36, '50101', 'ELOY ALFARO (SAN FELIPE)'),
(220, 36, '50102', 'IGNACIO FLORES (PARQUE FLORES)'),
(221, 36, '50103', 'JUAN MONTALVO (SAN SEBASTI?N)'),
(222, 36, '50104', 'LA MATRIZ'),
(223, 36, '50105', 'SAN BUENAVENTURA'),
(224, 36, '50150', 'LATACUNGA'),
(225, 36, '50151', 'ALAQUES (AL?QUEZ)'),
(226, 36, '50152', 'BELISARIO QUEVEDO (GUANAIL?N)'),
(227, 36, '50153', 'GUAITACAMA (GUAYTACAMA)'),
(228, 36, '50154', 'JOSEGUANGO BAJO'),
(229, 36, '50155', 'LAS PAMPAS'),
(230, 36, '50156', 'MULAL?'),
(231, 36, '50157', '11 DE NOVIEMBRE (ILINCHISI)'),
(232, 36, '50158', 'POAL?'),
(233, 36, '50159', 'SAN JUAN DE PASTOCALLE'),
(234, 36, '50160', 'SIGCHOS'),
(235, 36, '50161', 'TANICUCH?'),
(236, 36, '50162', 'TOACASO'),
(237, 36, '50163', 'PALO QUEMADO'),
(238, 37, '50201', 'EL CARMEN'),
(239, 37, '50202', 'LA MAN?'),
(240, 37, '50203', 'EL TRIUNFO'),
(241, 37, '50250', 'LA MAN?'),
(242, 37, '50251', 'GUASAGANDA (CAB.EN GUASAGANDA'),
(243, 37, '50252', 'PUCAYACU'),
(244, 38, '50350', 'EL CORAZ?N'),
(245, 38, '50351', 'MORASPUNGO'),
(246, 38, '50352', 'PINLLOPATA'),
(247, 38, '50353', 'RAM?N CAMPA?A'),
(248, 39, '50450', 'PUJIL?'),
(249, 39, '50451', 'ANGAMARCA'),
(250, 39, '50452', 'CHUCCHIL?N (CHUGCHIL?N)'),
(251, 39, '50453', 'GUANGAJE'),
(252, 39, '50454', 'ISINLIB? (ISINLIV?)'),
(253, 39, '50455', 'LA VICTORIA'),
(254, 39, '50456', 'PILAL?'),
(255, 39, '50457', 'TINGO'),
(256, 39, '50458', 'ZUMBAHUA'),
(257, 40, '50550', 'SAN MIGUEL'),
(258, 40, '50551', 'ANTONIO JOS? HOLGU?N (SANTA LUC?A)'),
(259, 40, '50552', 'CUSUBAMBA'),
(260, 40, '50553', 'MULALILLO'),
(261, 40, '50554', 'MULLIQUINDIL (SANTA ANA)'),
(262, 40, '50555', 'PANSALEO'),
(263, 41, '50650', 'SAQUISIL?'),
(264, 41, '50651', 'CANCHAGUA'),
(265, 41, '50652', 'CHANTIL?N'),
(266, 41, '50653', 'COCHAPAMBA'),
(267, 42, '50750', 'SIGCHOS'),
(268, 42, '50751', 'CHUGCHILL?N'),
(269, 42, '50752', 'ISINLIV?'),
(270, 42, '50753', 'LAS PAMPAS'),
(271, 42, '50754', 'PALO QUEMADO'),
(272, 43, '60101', 'LIZARZABURU'),
(273, 43, '60102', 'MALDONADO'),
(274, 43, '60103', 'VELASCO'),
(275, 43, '60104', 'VELOZ'),
(276, 43, '60105', 'YARUQU?ES'),
(277, 43, '60150', 'RIOBAMBA'),
(278, 43, '60151', 'CACHA (CAB. EN MACH?NGARA)'),
(279, 43, '60152', 'CALPI'),
(280, 43, '60153', 'CUBIJ?ES'),
(281, 43, '60154', 'FLORES'),
(282, 43, '60155', 'LIC?N'),
(283, 43, '60156', 'LICTO'),
(284, 43, '60157', 'PUNGAL?'),
(285, 43, '60158', 'PUN?N'),
(286, 43, '60159', 'QUIMIAG'),
(287, 43, '60160', 'SAN JUAN'),
(288, 43, '60161', 'SAN LUIS'),
(289, 44, '60250', 'ALAUS?'),
(290, 44, '60251', 'ACHUPALLAS'),
(291, 44, '60252', 'CUMAND?'),
(292, 44, '60253', 'GUASUNTOS'),
(293, 44, '60254', 'HUIGRA'),
(294, 44, '60255', 'MULTITUD'),
(295, 44, '60256', 'PISTISH? (NARIZ DEL DIABLO)'),
(296, 44, '60257', 'PUMALLACTA'),
(297, 44, '60258', 'SEVILLA'),
(298, 44, '60259', 'SIBAMBE'),
(299, 44, '60260', 'TIX?N'),
(300, 45, '60301', 'CAJABAMBA'),
(301, 45, '60302', 'SICALPA'),
(302, 45, '60350', 'VILLA LA UNI?N (CAJABAMBA)'),
(303, 45, '60351', 'CA?I'),
(304, 45, '60352', 'COLUMBE'),
(305, 45, '60353', 'JUAN DE VELASCO (PANGOR)'),
(306, 45, '60354', 'SANTIAGO DE QUITO (CAB. EN SAN ANTONIO DE QUITO)'),
(307, 46, '60450', 'CHAMBO'),
(308, 47, '60550', 'CHUNCHI'),
(309, 47, '60551', 'CAPZOL'),
(310, 47, '60552', 'COMPUD'),
(311, 47, '60553', 'GONZOL'),
(312, 47, '60554', 'LLAGOS'),
(313, 48, '60650', 'GUAMOTE'),
(314, 48, '60651', 'CEBADAS'),
(315, 48, '60652', 'PALMIRA'),
(316, 49, '60701', 'EL ROSARIO'),
(317, 49, '60702', 'LA MATRIZ'),
(318, 49, '60750', 'GUANO'),
(319, 49, '60751', 'GUANANDO'),
(320, 49, '60752', 'ILAPO'),
(321, 49, '60753', 'LA PROVIDENCIA'),
(322, 49, '60754', 'SAN ANDR?S'),
(323, 49, '60755', 'SAN GERARDO DE PACAICAGU?N'),
(324, 49, '60756', 'SAN ISIDRO DE PATUL?'),
(325, 49, '60757', 'SAN JOS? DEL CHAZO'),
(326, 49, '60758', 'SANTA F? DE GAL?N'),
(327, 49, '60759', 'VALPARA?SO'),
(328, 50, '60850', 'PALLATANGA'),
(329, 51, '60950', 'PENIPE'),
(330, 51, '60951', 'EL ALTAR'),
(331, 51, '60952', 'MATUS'),
(332, 51, '60953', 'PUELA'),
(333, 51, '60954', 'SAN ANTONIO DE BAYUSHIG'),
(334, 51, '60955', 'LA CANDELARIA'),
(335, 51, '60956', 'BILBAO (CAB.EN QUILLUYACU)'),
(336, 52, '61050', 'CUMAND?'),
(337, 53, '70101', 'LA PROVIDENCIA'),
(338, 53, '70102', 'MACHALA'),
(339, 53, '70103', 'PUERTO BOL?VAR'),
(340, 53, '70104', 'NUEVE DE MAYO'),
(341, 53, '70105', 'EL CAMBIO'),
(342, 53, '70150', 'MACHALA'),
(343, 53, '70151', 'EL CAMBIO'),
(344, 53, '70152', 'EL RETIRO'),
(345, 54, '70250', 'ARENILLAS'),
(346, 54, '70251', 'CHACRAS'),
(347, 54, '70252', 'LA LIBERTAD'),
(348, 54, '70253', 'LAS LAJAS (CAB. EN LA VICTORIA)'),
(349, 54, '70254', 'PALMALES'),
(350, 54, '70255', 'CARCAB?N'),
(351, 55, '70350', 'PACCHA'),
(352, 55, '70351', 'AYAPAMBA'),
(353, 55, '70352', 'CORDONCILLO'),
(354, 55, '70353', 'MILAGRO'),
(355, 55, '70354', 'SAN JOS?'),
(356, 55, '70355', 'SAN JUAN DE CERRO AZUL'),
(357, 56, '70450', 'BALSAS'),
(358, 56, '70451', 'BELLAMAR?A'),
(359, 57, '70550', 'CHILLA'),
(360, 58, '70650', 'EL GUABO'),
(361, 58, '70651', 'BARBONES (SUCRE)'),
(362, 58, '70652', 'LA IBERIA'),
(363, 58, '70653', 'TENDALES (CAB.EN PUERTO TENDALES)'),
(364, 58, '70654', 'R?O BONITO'),
(365, 59, '70701', 'ECUADOR'),
(366, 59, '70702', 'EL PARA?SO'),
(367, 59, '70703', 'HUALTACO'),
(368, 59, '70704', 'MILTON REYES'),
(369, 59, '70705', 'UNI?N LOJANA'),
(370, 59, '70750', 'HUAQUILLAS'),
(371, 60, '70850', 'MARCABEL?'),
(372, 60, '70851', 'EL INGENIO'),
(373, 61, '70901', 'BOL?VAR'),
(374, 61, '70902', 'LOMA DE FRANCO'),
(375, 61, '70903', 'OCHOA LE?N (MATRIZ)'),
(376, 61, '70904', 'TRES CERRITOS'),
(377, 61, '70950', 'PASAJE'),
(378, 61, '70951', 'BUENAVISTA'),
(379, 61, '70952', 'CASACAY'),
(380, 61, '70953', 'LA PEA?A'),
(381, 61, '70954', 'PROGRESO'),
(382, 61, '70955', 'UZHCURRUMI'),
(383, 61, '70956', 'CA?AQUEMADA'),
(384, 62, '71001', 'LA MATRIZ'),
(385, 62, '71002', 'LA SUSAYA'),
(386, 62, '71003', 'PI?AS GRANDE'),
(387, 62, '71050', 'PI?AS'),
(388, 62, '71051', 'CAPIRO (CAB. EN LA CAPILLA DE CAPIRO)'),
(389, 62, '71052', 'LA BOCANA'),
(390, 62, '71053', 'MOROMORO (CAB. EN EL VADO)'),
(391, 62, '71054', 'PIEDRAS'),
(392, 62, '71055', 'SAN ROQUE (AMBROSIO MALDONADO)'),
(393, 62, '71056', 'SARACAY'),
(394, 63, '71150', 'PORTOVELO'),
(395, 63, '71151', 'CURTINCAPA'),
(396, 63, '71152', 'MORALES'),
(397, 63, '71153', 'SALAT?'),
(398, 64, '71201', 'SANTA ROSA'),
(399, 64, '71202', 'PUERTO JEL?'),
(400, 64, '71203', 'BALNEARIO JAMBEL? (SAT?LITE)'),
(401, 64, '71204', 'JUM?N (SAT?LITE)'),
(402, 64, '71205', 'NUEVO SANTA ROSA'),
(403, 64, '71250', 'SANTA ROSA'),
(404, 64, '71251', 'BELLAVISTA'),
(405, 64, '71252', 'JAMBEL?'),
(406, 64, '71253', 'LA AVANZADA'),
(407, 64, '71254', 'SAN ANTONIO'),
(408, 64, '71255', 'TORATA'),
(409, 64, '71256', 'VICTORIA'),
(410, 64, '71257', 'BELLAMAR?A'),
(411, 65, '71350', 'ZARUMA'),
(412, 65, '71351', 'ABA??N'),
(413, 65, '71352', 'ARCAPAMBA'),
(414, 65, '71353', 'GUANAZ?N'),
(415, 65, '71354', 'GUIZHAGUI?A'),
(416, 65, '71355', 'HUERTAS'),
(417, 65, '71356', 'MALVAS'),
(418, 65, '71357', 'MULUNCAY GRANDE'),
(419, 65, '71358', 'SINSAO'),
(420, 65, '71359', 'SALVIAS'),
(421, 66, '71401', 'LA VICTORIA'),
(422, 66, '71402', 'PLATANILLOS'),
(423, 66, '71403', 'VALLE HERMOSO'),
(424, 66, '71450', 'LA VICTORIA'),
(425, 66, '71451', 'LA LIBERTAD'),
(426, 66, '71452', 'EL PARA?SO'),
(427, 66, '71453', 'SAN ISIDRO'),
(428, 67, '80101', 'BARTOLOM? RUIZ (C?SAR FRANCO CARRI?N)'),
(429, 67, '80102', '5 DE AGOSTO'),
(430, 67, '80103', 'ESMERALDAS'),
(431, 67, '80104', 'LUIS TELLO (LAS PALMAS)'),
(432, 67, '80105', 'SIM?N PLATA TORRES'),
(433, 67, '80150', 'ESMERALDAS'),
(434, 67, '80151', 'ATACAMES'),
(435, 67, '80152', 'CAMARONES (CAB. EN SAN VICENTE)'),
(436, 67, '80153', 'CRNEL. CARLOS CONCHA TORRES (CAB.EN HUELE)'),
(437, 67, '80154', 'CHINCA'),
(438, 67, '80155', 'CHONTADURO'),
(439, 67, '80156', 'CHUMUND?'),
(440, 67, '80157', 'LAGARTO'),
(441, 67, '80158', 'LA UNI?N'),
(442, 67, '80159', 'MAJUA'),
(443, 67, '80160', 'MONTALVO (CAB. EN HORQUETA)'),
(444, 67, '80161', 'R?O VERDE'),
(445, 67, '80162', 'ROCAFUERTE'),
(446, 67, '80163', 'SAN MATEO'),
(447, 67, '80164', 'S?A (CAB. EN LA BOCANA)'),
(448, 67, '80165', 'TABIAZO'),
(449, 67, '80166', 'TACHINA'),
(450, 67, '80167', 'TONCHIG?E'),
(451, 67, '80168', 'VUELTA LARGA'),
(452, 68, '80250', 'VALDEZ (LIMONES)'),
(453, 68, '80251', 'ANCHAYACU'),
(454, 68, '80252', 'ATAHUALPA (CAB. EN CAMARONES)'),
(455, 68, '80253', 'BORB?N'),
(456, 68, '80254', 'LA TOLA'),
(457, 68, '80255', 'LUIS VARGAS TORRES (CAB. EN PLAYA DE ORO)'),
(458, 68, '80256', 'MALDONADO'),
(459, 68, '80257', 'PAMPANAL DE BOL?VAR'),
(460, 68, '80258', 'SAN FRANCISCO DE ONZOLE'),
(461, 68, '80259', 'SANTO DOMINGO DE ONZOLE'),
(462, 68, '80260', 'SELVA ALEGRE'),
(463, 68, '80261', 'TELEMB?'),
(464, 68, '80262', 'COL?N ELOY DEL MAR?A'),
(465, 68, '80263', 'SAN JOS? DE CAYAPAS'),
(466, 68, '80264', 'TIMBIR?'),
(467, 69, '80350', 'MUISNE'),
(468, 69, '80351', 'BOL?VAR'),
(469, 69, '80352', 'DAULE'),
(470, 69, '80353', 'GALERA'),
(471, 69, '80354', 'QUINGUE (OLMEDO PERDOMO FRANCO)'),
(472, 69, '80355', 'SALIMA'),
(473, 69, '80356', 'SAN FRANCISCO'),
(474, 69, '80357', 'SAN GREGORIO'),
(475, 69, '80358', 'SAN JOS? DE CHAMANGA (CAB.EN CHAMANGA)'),
(476, 70, '80450', 'ROSA Z?RATE (QUININD?)'),
(477, 70, '80451', 'CUBE'),
(478, 70, '80452', 'CHURA (CHANCAMA) (CAB. EN EL YERBERO)'),
(479, 70, '80453', 'MALIMPIA'),
(480, 70, '80454', 'VICHE'),
(481, 70, '80455', 'LA UNI?N'),
(482, 71, '80550', 'SAN LORENZO'),
(483, 71, '80551', 'ALTO TAMBO (CAB. EN GUADUAL)'),
(484, 71, '80552', 'ANC?N (PICHANGAL) (CAB. EN PALMA REAL)'),
(485, 71, '80553', 'CALDER?N'),
(486, 71, '80554', 'CARONDELET'),
(487, 71, '80555', '5 DE JUNIO (CAB. EN UIMBI)'),
(488, 71, '80556', 'CONCEPCI?N'),
(489, 71, '80557', 'MATAJE (CAB. EN SANTANDER)'),
(490, 71, '80558', 'SAN JAVIER DE CACHAV? (CAB. EN SAN JAVIER)'),
(491, 71, '80559', 'SANTA RITA'),
(492, 71, '80560', 'TAMBILLO'),
(493, 71, '80561', 'TULULB? (CAB. EN RICAURTE)'),
(494, 71, '80562', 'URBINA'),
(495, 72, '80650', 'ATACAMES'),
(496, 72, '80651', 'LA UNI?N'),
(497, 72, '80652', 'S?A (CAB. EN LA BOCANA)'),
(498, 72, '80653', 'TONCHIG?E'),
(499, 72, '80654', 'TONSUPA'),
(500, 73, '80750', 'RIOVERDE'),
(501, 73, '80751', 'CHONTADURO'),
(502, 73, '80752', 'CHUMUND?'),
(503, 73, '80753', 'LAGARTO'),
(504, 73, '80754', 'MONTALVO (CAB. EN HORQUETA)'),
(505, 73, '80755', 'ROCAFUERTE'),
(506, 74, '80850', 'LA CONCORDIA'),
(507, 74, '80851', 'MONTERREY'),
(508, 74, '80852', 'LA VILLEGAS'),
(509, 74, '80853', 'PLAN PILOTO'),
(510, 75, '90101', 'AYACUCHO'),
(511, 75, '90102', 'BOL?VAR (SAGRARIO)'),
(512, 75, '90103', 'CARBO (CONCEPCI?N)'),
(513, 75, '90104', 'FEBRES CORDERO'),
(514, 75, '90105', 'GARC?A MORENO'),
(515, 75, '90106', 'LETAMENDI'),
(516, 75, '90107', 'NUEVE DE OCTUBRE'),
(517, 75, '90108', 'OLMEDO (SAN ALEJO)'),
(518, 75, '90109', 'ROCA'),
(519, 75, '90110', 'ROCAFUERTE'),
(520, 75, '90111', 'SUCRE'),
(521, 75, '90112', 'TARQUI'),
(522, 75, '90113', 'URDANETA'),
(523, 75, '90114', 'XIMENA'),
(524, 75, '90115', 'PASCUALES'),
(525, 75, '90150', 'GUAYAQUIL'),
(526, 75, '90151', 'CHONG?N'),
(527, 75, '90152', 'JUAN G?MEZ REND?N (PROGRESO)'),
(528, 75, '90153', 'MORRO'),
(529, 75, '90154', 'PASCUALES'),
(530, 75, '90155', 'PLAYAS (GRAL. VILLAMIL)'),
(531, 75, '90156', 'POSORJA'),
(532, 75, '90157', 'PUN?'),
(533, 75, '90158', 'TENGUEL'),
(534, 76, '90250', 'ALFREDO BAQUERIZO MORENO (JUJ?N)'),
(535, 77, '90350', 'BALAO'),
(536, 78, '90450', 'BALZAR'),
(537, 79, '90550', 'COLIMES'),
(538, 79, '90551', 'SAN JACINTO'),
(539, 80, '90601', 'DAULE'),
(540, 80, '90602', 'LA AURORA (SAT?LITE)'),
(541, 80, '90603', 'BANIFE'),
(542, 80, '90604', 'EMILIANO CAICEDO MARCOS'),
(543, 80, '90605', 'MAGRO'),
(544, 80, '90606', 'PADRE JUAN BAUTISTA AGUIRRE'),
(545, 80, '90607', 'SANTA CLARA'),
(546, 80, '90608', 'VICENTE PIEDRAHITA'),
(547, 80, '90650', 'DAULE'),
(548, 80, '90651', 'ISIDRO AYORA (SOLEDAD)'),
(549, 80, '90652', 'JUAN BAUTISTA AGUIRRE (LOS TINTOS)'),
(550, 80, '90653', 'LAUREL'),
(551, 80, '90654', 'LIMONAL'),
(552, 80, '90655', 'LOMAS DE SARGENTILLO'),
(553, 80, '90656', 'LOS LOJAS (ENRIQUE BAQUERIZO MORENO)'),
(554, 80, '90657', 'PIEDRAHITA (NOBOL)'),
(555, 81, '90701', 'ELOY ALFARO (DUR?N)'),
(556, 81, '90702', 'EL RECREO'),
(557, 81, '90750', 'ELOY ALFARO (DUR?N)'),
(558, 82, '90850', 'VELASCO IBARRA (EL EMPALME)'),
(559, 82, '90851', 'GUAYAS (PUEBLO NUEVO)'),
(560, 82, '90852', 'EL ROSARIO'),
(561, 83, '90950', 'EL TRIUNFO'),
(562, 84, '91050', 'MILAGRO'),
(563, 84, '91051', 'CHOBO'),
(564, 84, '91052', 'GENERAL ELIZALDE (BUCAY)'),
(565, 84, '91053', 'MARISCAL SUCRE (HUAQUES)'),
(566, 84, '91054', 'ROBERTO ASTUDILLO (CAB. EN CRUCE DE VENECIA)'),
(567, 85, '91150', 'NARANJAL'),
(568, 85, '91151', 'JES?S MAR?A'),
(569, 85, '91152', 'SAN CARLOS'),
(570, 85, '91153', 'SANTA ROSA DE FLANDES'),
(571, 85, '91154', 'TAURA'),
(572, 86, '91250', 'NARANJITO'),
(573, 87, '91350', 'PALESTINA'),
(574, 88, '91450', 'PEDRO CARBO'),
(575, 88, '91451', 'VALLE DE LA VIRGEN'),
(576, 88, '91452', 'SABANILLA'),
(577, 89, '91601', 'SAMBOROND?N'),
(578, 89, '91602', 'LA PUNTILLA (SAT?LITE)'),
(579, 89, '91650', 'SAMBOROND?N'),
(580, 89, '91651', 'TARIFA'),
(581, 90, '91850', 'SANTA LUC?A'),
(582, 91, '91901', 'BOCANA'),
(583, 91, '91902', 'CANDILEJOS'),
(584, 91, '91903', 'CENTRAL'),
(585, 91, '91904', 'PARA?SO'),
(586, 91, '91905', 'SAN MATEO'),
(587, 91, '91950', 'EL SALITRE (LAS RAMAS)'),
(588, 91, '91951', 'GRAL. VERNAZA (DOS ESTEROS)'),
(589, 91, '91952', 'LA VICTORIA (?AUZA)'),
(590, 91, '91953', 'JUNQUILLAL'),
(591, 92, '92050', 'SAN JACINTO DE YAGUACHI'),
(592, 92, '92051', 'CRNEL. LORENZO DE GARAICOA (PEDREGAL)'),
(593, 92, '92052', 'CRNEL. MARCELINO MARIDUE?A (SAN CARLOS)'),
(594, 92, '92053', 'GRAL. PEDRO J. MONTERO (BOLICHE)'),
(595, 92, '92054', 'SIM?N BOL?VAR'),
(596, 92, '92055', 'YAGUACHI VIEJO (CONE)'),
(597, 92, '92056', 'VIRGEN DE F?TIMA'),
(598, 93, '92150', 'GENERAL VILLAMIL (PLAYAS)'),
(599, 94, '92250', 'SIM?N BOL?VAR'),
(600, 94, '92251', 'CRNEL.LORENZO DE GARAICOA (PEDREGAL)'),
(601, 95, '92350', 'CORONEL MARCELINO MARIDUE?A (SAN CARLOS)'),
(602, 96, '92450', 'LOMAS DE SARGENTILLO'),
(603, 96, '92451', 'ISIDRO AYORA (SOLEDAD)'),
(604, 97, '92550', 'NARCISA DE JES?S'),
(605, 98, '92750', 'GENERAL ANTONIO ELIZALDE (BUCAY)'),
(606, 99, '92850', 'ISIDRO AYORA'),
(607, 100, '100101', 'CARANQUI'),
(608, 100, '100102', 'GUAYAQUIL DE ALPACHACA'),
(609, 100, '100103', 'SAGRARIO'),
(610, 100, '100104', 'SAN FRANCISCO'),
(611, 100, '100105', 'LA DOLOROSA DEL PRIORATO'),
(612, 100, '100150', 'SAN MIGUEL DE IBARRA'),
(613, 100, '100151', 'AMBUQU?'),
(614, 100, '100152', 'ANGOCHAGUA'),
(615, 100, '100153', 'CAROLINA'),
(616, 100, '100154', 'LA ESPERANZA'),
(617, 100, '100155', 'LITA'),
(618, 100, '100156', 'SALINAS'),
(619, 100, '100157', 'SAN ANTONIO'),
(620, 101, '100201', 'ANDRADE MAR?N (LOURDES)'),
(621, 101, '100202', 'ATUNTAQUI'),
(622, 101, '100250', 'ATUNTAQUI'),
(623, 101, '100251', 'IMBAYA (SAN LUIS DE COBUENDO)'),
(624, 101, '100252', 'SAN FRANCISCO DE NATABUELA'),
(625, 101, '100253', 'SAN JOS? DE CHALTURA'),
(626, 101, '100254', 'SAN ROQUE'),
(627, 102, '100301', 'SAGRARIO'),
(628, 102, '100302', 'SAN FRANCISCO'),
(629, 102, '100350', 'COTACACHI'),
(630, 102, '100351', 'APUELA'),
(631, 102, '100352', 'GARC?A MORENO (LLURIMAGUA)'),
(632, 102, '100353', 'IMANTAG'),
(633, 102, '100354', 'PE?AHERRERA'),
(634, 102, '100355', 'PLAZA GUTI?RREZ (CALVARIO)'),
(635, 102, '100356', 'QUIROGA'),
(636, 102, '100357', '6 DE JULIO DE CUELLAJE (CAB. EN CUELLAJE)'),
(637, 102, '100358', 'VACAS GALINDO (EL CHURO) (CAB.EN SAN MIGUEL ALTO'),
(638, 103, '100401', 'JORD?N'),
(639, 103, '100402', 'SAN LUIS'),
(640, 103, '100450', 'OTAVALO'),
(641, 103, '100451', 'DR. MIGUEL EGAS CABEZAS (PEGUCHE)'),
(642, 103, '100452', 'EUGENIO ESPEJO (CALPAQU?)'),
(643, 103, '100453', 'GONZ?LEZ SU?REZ'),
(644, 103, '100454', 'PATAQU?'),
(645, 103, '100455', 'SAN JOS? DE QUICHINCHE'),
(646, 103, '100456', 'SAN JUAN DE ILUM?N'),
(647, 103, '100457', 'SAN PABLO'),
(648, 103, '100458', 'SAN RAFAEL'),
(649, 103, '100459', 'SELVA ALEGRE (CAB.EN SAN MIGUEL DE PAMPLONA)'),
(650, 104, '100550', 'PIMAMPIRO'),
(651, 104, '100551', 'CHUG?'),
(652, 104, '100552', 'MARIANO ACOSTA'),
(653, 104, '100553', 'SAN FRANCISCO DE SIGSIPAMBA'),
(654, 105, '100650', 'URCUQU? CABECERA CANTONAL'),
(655, 105, '100651', 'CAHUASQU?'),
(656, 105, '100652', 'LA MERCED DE BUENOS AIRES'),
(657, 105, '100653', 'PABLO ARENAS'),
(658, 105, '100654', 'SAN BLAS'),
(659, 105, '100655', 'TUMBABIRO'),
(660, 106, '110101', 'EL SAGRARIO'),
(661, 106, '110102', 'SAN SEBASTI?N'),
(662, 106, '110103', 'SUCRE'),
(663, 106, '110104', 'VALLE'),
(664, 106, '110150', 'LOJA'),
(665, 106, '110151', 'CHANTACO'),
(666, 106, '110152', 'CHUQUIRIBAMBA'),
(667, 106, '110153', 'EL CISNE'),
(668, 106, '110154', 'GUALEL'),
(669, 106, '110155', 'JIMBILLA'),
(670, 106, '110156', 'MALACATOS (VALLADOLID)'),
(671, 106, '110157', 'SAN LUCAS'),
(672, 106, '110158', 'SAN PEDRO DE VILCABAMBA'),
(673, 106, '110159', 'SANTIAGO'),
(674, 106, '110160', 'TAQUIL (MIGUEL RIOFR?O)'),
(675, 106, '110161', 'VILCABAMBA (VICTORIA)'),
(676, 106, '110162', 'YANGANA (ARSENIO CASTILLO)'),
(677, 106, '110163', 'QUINARA'),
(678, 107, '110201', 'CARIAMANGA'),
(679, 107, '110202', 'CHILE'),
(680, 107, '110203', 'SAN VICENTE'),
(681, 107, '110250', 'CARIAMANGA'),
(682, 107, '110251', 'COLAISACA'),
(683, 107, '110252', 'EL LUCERO'),
(684, 107, '110253', 'UTUANA'),
(685, 107, '110254', 'SANGUILL?N'),
(686, 108, '110301', 'CATAMAYO'),
(687, 108, '110302', 'SAN JOS?'),
(688, 108, '110350', 'CATAMAYO (LA TOMA)'),
(689, 108, '110351', 'EL TAMBO'),
(690, 108, '110352', 'GUAYQUICHUMA'),
(691, 108, '110353', 'SAN PEDRO DE LA BENDITA'),
(692, 108, '110354', 'ZAMBI'),
(693, 109, '110450', 'CELICA'),
(694, 109, '110451', 'CRUZPAMBA (CAB. EN CARLOS BUSTAMANTE)'),
(695, 109, '110452', 'CHAQUINAL'),
(696, 109, '110453', '12 DE DICIEMBRE (CAB. EN ACHIOTES)'),
(697, 109, '110454', 'PINDAL (FEDERICO P?EZ)'),
(698, 109, '110455', 'POZUL (SAN JUAN DE POZUL)'),
(699, 109, '110456', 'SABANILLA'),
(700, 109, '110457', 'TNTE. MAXIMILIANO RODR?GUEZ LOAIZA'),
(701, 110, '110550', 'CHAGUARPAMBA'),
(702, 110, '110551', 'BUENAVISTA'),
(703, 110, '110552', 'EL ROSARIO'),
(704, 110, '110553', 'SANTA RUFINA'),
(705, 110, '110554', 'AMARILLOS'),
(706, 111, '110650', 'AMALUZA'),
(707, 111, '110651', 'BELLAVISTA'),
(708, 111, '110652', 'JIMBURA'),
(709, 111, '110653', 'SANTA TERESITA'),
(710, 111, '110654', '27 DE ABRIL (CAB. EN LA NARANJA)'),
(711, 111, '110655', 'EL INGENIO'),
(712, 111, '110656', 'EL AIRO'),
(713, 112, '110750', 'GONZANAM?'),
(714, 112, '110751', 'CHANGAIMINA (LA LIBERTAD)'),
(715, 112, '110752', 'FUNDOCHAMBA'),
(716, 112, '110753', 'NAMBACOLA'),
(717, 112, '110754', 'PURUNUMA (EGUIGUREN)'),
(718, 112, '110755', 'QUILANGA (LA PAZ)'),
(719, 112, '110756', 'SACAPALCA'),
(720, 112, '110757', 'SAN ANTONIO DE LAS ARADAS (CAB. EN LAS ARADAS)'),
(721, 113, '110801', 'GENERAL ELOY ALFARO (SAN SEBASTI?N)'),
(722, 113, '110802', 'MACAR? (MANUEL ENRIQUE RENGEL SUQUILANDA)'),
(723, 113, '110850', 'MACAR?'),
(724, 113, '110851', 'LARAMA'),
(725, 113, '110852', 'LA VICTORIA'),
(726, 113, '110853', 'SABIANGO (LA CAPILLA)'),
(727, 114, '110901', 'CATACOCHA'),
(728, 114, '110902', 'LOURDES'),
(729, 114, '110950', 'CATACOCHA'),
(730, 114, '110951', 'CANGONAM?'),
(731, 114, '110952', 'GUACHANAM?'),
(732, 114, '110953', 'LA TINGUE'),
(733, 114, '110954', 'LAURO GUERRERO'),
(734, 114, '110955', 'OLMEDO (SANTA B?RBARA)'),
(735, 114, '110956', 'ORIANGA'),
(736, 114, '110957', 'SAN ANTONIO'),
(737, 114, '110958', 'CASANGA'),
(738, 114, '110959', 'YAMANA'),
(739, 115, '111050', 'ALAMOR'),
(740, 115, '111051', 'CIANO'),
(741, 115, '111052', 'EL ARENAL'),
(742, 115, '111053', 'EL LIMO (MARIANA DE JES?S)'),
(743, 115, '111054', 'MERCADILLO'),
(744, 115, '111055', 'VICENTINO'),
(745, 116, '111150', 'SARAGURO'),
(746, 116, '111151', 'EL PARA?SO DE CEL?N'),
(747, 116, '111152', 'EL TABL?N'),
(748, 116, '111153', 'LLUZHAPA'),
(749, 116, '111154', 'MAN?'),
(750, 116, '111155', 'SAN ANTONIO DE QUMBE (CUMBE)'),
(751, 116, '111156', 'SAN PABLO DE TENTA'),
(752, 116, '111157', 'SAN SEBASTI?N DE Y?LUC'),
(753, 116, '111158', 'SELVA ALEGRE'),
(754, 116, '111159', 'URDANETA (PAQUISHAPA)'),
(755, 116, '111160', 'SUMAYPAMBA'),
(756, 117, '111250', 'SOZORANGA'),
(757, 117, '111251', 'NUEVA F?TIMA'),
(758, 117, '111252', 'TACAMOROS'),
(759, 118, '111350', 'ZAPOTILLO'),
(760, 118, '111351', 'MANGAHURCO (CAZADEROS)'),
(761, 118, '111352', 'GARZAREAL'),
(762, 118, '111353', 'LIMONES'),
(763, 118, '111354', 'PALETILLAS'),
(764, 118, '111355', 'BOLASPAMBA'),
(765, 119, '111450', 'PINDAL'),
(766, 119, '111451', 'CHAQUINAL'),
(767, 119, '111452', '12 DE DICIEMBRE (CAB.EN ACHIOTES)'),
(768, 119, '111453', 'MILAGROS'),
(769, 120, '111550', 'QUILANGA'),
(770, 120, '111551', 'FUNDOCHAMBA'),
(771, 120, '111552', 'SAN ANTONIO DE LAS ARADAS (CAB. EN LAS ARADAS)'),
(772, 121, '111650', 'OLMEDO'),
(773, 121, '111651', 'LA TINGUE'),
(774, 122, '120101', 'CLEMENTE BAQUERIZO'),
(775, 122, '120102', 'DR. CAMILO PONCE'),
(776, 122, '120103', 'BARREIRO'),
(777, 122, '120104', 'EL SALTO'),
(778, 122, '120150', 'BABAHOYO'),
(779, 122, '120151', 'BARREIRO (SANTA RITA)'),
(780, 122, '120152', 'CARACOL'),
(781, 122, '120153', 'FEBRES CORDERO (LAS JUNTAS)'),
(782, 122, '120154', 'PIMOCHA'),
(783, 122, '120155', 'LA UNI?N'),
(784, 123, '120250', 'BABA'),
(785, 123, '120251', 'GUARE'),
(786, 123, '120252', 'ISLA DE BEJUCAL'),
(787, 124, '120350', 'MONTALVO'),
(788, 125, '120450', 'PUEBLOVIEJO'),
(789, 125, '120451', 'PUERTO PECHICHE'),
(790, 125, '120452', 'SAN JUAN'),
(791, 126, '120501', 'QUEVEDO'),
(792, 126, '120502', 'SAN CAMILO'),
(793, 126, '120503', 'SAN JOS?'),
(794, 126, '120504', 'GUAYAC?N'),
(795, 126, '120505', 'NICOL?S INFANTE D?AZ'),
(796, 126, '120506', 'SAN CRIST?BAL'),
(797, 126, '120507', 'SIETE DE OCTUBRE'),
(798, 126, '120508', '24 DE MAYO'),
(799, 126, '120509', 'VENUS DEL R?O QUEVEDO'),
(800, 126, '120510', 'VIVA ALFARO'),
(801, 126, '120550', 'QUEVEDO'),
(802, 126, '120551', 'BUENA F?'),
(803, 126, '120552', 'MOCACHE'),
(804, 126, '120553', 'SAN CARLOS'),
(805, 126, '120554', 'VALENCIA'),
(806, 126, '120555', 'LA ESPERANZA'),
(807, 127, '120650', 'CATARAMA'),
(808, 127, '120651', 'RICAURTE'),
(809, 128, '120701', '10 DE NOVIEMBRE'),
(810, 128, '120750', 'VENTANAS'),
(811, 128, '120751', 'QUINSALOMA'),
(812, 128, '120752', 'ZAPOTAL'),
(813, 128, '120753', 'CHACARITA'),
(814, 128, '120754', 'LOS ?NGELES'),
(815, 129, '120850', 'VINCES'),
(816, 129, '120851', 'ANTONIO SOTOMAYOR (CAB. EN PLAYAS DE VINCES)'),
(817, 129, '120852', 'PALENQUE'),
(818, 130, '120950', 'PALENQUE'),
(819, 131, '121001', 'SAN JACINTO DE BUENA F?'),
(820, 131, '121002', '7 DE AGOSTO'),
(821, 131, '121003', '11 DE OCTUBRE'),
(822, 131, '121050', 'SAN JACINTO DE BUENA F?'),
(823, 131, '121051', 'PATRICIA PILAR'),
(824, 132, '121150', 'VALENCIA'),
(825, 133, '121250', 'MOCACHE'),
(826, 134, '121350', 'QUINSALOMA'),
(827, 135, '130101', 'PORTOVIEJO'),
(828, 135, '130102', '12 DE MARZO'),
(829, 135, '130103', 'COL?N'),
(830, 135, '130104', 'PICOAZ?'),
(831, 135, '130105', 'SAN PABLO'),
(832, 135, '130106', 'ANDR?S DE VERA'),
(833, 135, '130107', 'FRANCISCO PACHECO'),
(834, 135, '130108', '18 DE OCTUBRE'),
(835, 135, '130109', 'SIM?N BOL?VAR'),
(836, 135, '130150', 'PORTOVIEJO'),
(837, 135, '130151', 'ABD?N CALDER?N (SAN FRANCISCO)'),
(838, 135, '130152', 'ALHAJUELA (BAJO GRANDE)'),
(839, 135, '130153', 'CRUCITA'),
(840, 135, '130154', 'PUEBLO NUEVO'),
(841, 135, '130155', 'RIOCHICO (R?O CHICO)'),
(842, 135, '130156', 'SAN PL?CIDO'),
(843, 135, '130157', 'CHIRIJOS'),
(844, 136, '130250', 'CALCETA'),
(845, 136, '130251', 'MEMBRILLO'),
(846, 136, '130252', 'QUIROGA'),
(847, 137, '130301', 'CHONE'),
(848, 137, '130302', 'SANTA RITA'),
(849, 137, '130350', 'CHONE'),
(850, 137, '130351', 'BOYAC?'),
(851, 137, '130352', 'CANUTO'),
(852, 137, '130353', 'CONVENTO'),
(853, 137, '130354', 'CHIBUNGA'),
(854, 137, '130355', 'ELOY ALFARO'),
(855, 137, '130356', 'RICAURTE'),
(856, 137, '130357', 'SAN ANTONIO'),
(857, 138, '130401', 'EL CARMEN'),
(858, 138, '130402', '4 DE DICIEMBRE'),
(859, 138, '130450', 'EL CARMEN'),
(860, 138, '130451', 'WILFRIDO LOOR MOREIRA (MAICITO)'),
(861, 138, '130452', 'SAN PEDRO DE SUMA'),
(862, 139, '130550', 'FLAVIO ALFARO'),
(863, 139, '130551', 'SAN FRANCISCO DE NOVILLO (CAB. EN'),
(864, 139, '130552', 'ZAPALLO'),
(865, 140, '130601', 'DR. MIGUEL MOR?N LUCIO'),
(866, 140, '130602', 'MANUEL INOCENCIO PARRALES Y GUALE'),
(867, 140, '130603', 'SAN LORENZO DE JIPIJAPA'),
(868, 140, '130650', 'JIPIJAPA'),
(869, 140, '130651', 'AM?RICA'),
(870, 140, '130652', 'EL ANEGADO (CAB. EN ELOY ALFARO)'),
(871, 140, '130653', 'JULCUY'),
(872, 140, '130654', 'LA UNI?N'),
(873, 140, '130655', 'MACHALILLA'),
(874, 140, '130656', 'MEMBRILLAL'),
(875, 140, '130657', 'PEDRO PABLO G?MEZ'),
(876, 140, '130658', 'PUERTO DE CAYO'),
(877, 140, '130659', 'PUERTO L?PEZ'),
(878, 141, '130750', 'JUN?N'),
(879, 142, '130801', 'LOS ESTEROS'),
(880, 142, '130802', 'MANTA'),
(881, 142, '130803', 'SAN MATEO'),
(882, 142, '130804', 'TARQUI'),
(883, 142, '130805', 'ELOY ALFARO'),
(884, 142, '130850', 'MANTA'),
(885, 142, '130851', 'SAN LORENZO'),
(886, 142, '130852', 'SANTA MARIANITA (BOCA DE PACOCHE)'),
(887, 143, '130901', 'ANIBAL SAN ANDR?S'),
(888, 143, '130902', 'MONTECRISTI'),
(889, 143, '130903', 'EL COLORADO'),
(890, 143, '130904', 'GENERAL ELOY ALFARO'),
(891, 143, '130905', 'LEONIDAS PROA?O'),
(892, 143, '130950', 'MONTECRISTI'),
(893, 143, '130951', 'JARAMIJ?'),
(894, 143, '130952', 'LA PILA'),
(895, 144, '131050', 'PAJ?N'),
(896, 144, '131051', 'CAMPOZANO (LA PALMA DE PAJ?N)'),
(897, 144, '131052', 'CASCOL'),
(898, 144, '131053', 'GUALE'),
(899, 144, '131054', 'LASCANO'),
(900, 145, '131150', 'PICHINCHA'),
(901, 145, '131151', 'BARRAGANETE'),
(902, 145, '131152', 'SAN SEBASTI?N'),
(903, 146, '131250', 'ROCAFUERTE'),
(904, 147, '131301', 'SANTA ANA'),
(905, 147, '131302', 'LODANA'),
(906, 147, '131350', 'SANTA ANA DE VUELTA LARGA'),
(907, 147, '131351', 'AYACUCHO'),
(908, 147, '131352', 'HONORATO V?SQUEZ (CAB. EN V?SQUEZ)'),
(909, 147, '131353', 'LA UNI?N'),
(910, 147, '131354', 'OLMEDO'),
(911, 147, '131355', 'SAN PABLO (CAB. EN PUEBLO NUEVO)'),
(912, 148, '131401', 'BAH?A DE CAR?QUEZ'),
(913, 148, '131402', 'LEONIDAS PLAZA GUTI?RREZ'),
(914, 148, '131450', 'BAH?A DE CAR?QUEZ'),
(915, 148, '131451', 'CANOA'),
(916, 148, '131452', 'COJIM?ES'),
(917, 148, '131453', 'CHARAPOT?'),
(918, 148, '131454', '10 DE AGOSTO'),
(919, 148, '131455', 'JAMA'),
(920, 148, '131456', 'PEDERNALES'),
(921, 148, '131457', 'SAN ISIDRO'),
(922, 148, '131458', 'SAN VICENTE'),
(923, 149, '131550', 'TOSAGUA'),
(924, 149, '131551', 'BACHILLERO'),
(925, 149, '131552', 'ANGEL PEDRO GILER (LA ESTANCILLA)'),
(926, 150, '131650', 'SUCRE'),
(927, 150, '131651', 'BELLAVISTA'),
(928, 150, '131652', 'NOBOA'),
(929, 150, '131653', 'ARQ. SIXTO DUR?N BALL?N'),
(930, 151, '131750', 'PEDERNALES'),
(931, 151, '131751', 'COJIM?ES'),
(932, 151, '131752', '10 DE AGOSTO'),
(933, 151, '131753', 'ATAHUALPA'),
(934, 152, '131850', 'OLMEDO'),
(935, 153, '131950', 'PUERTO L?PEZ'),
(936, 153, '131951', 'MACHALILLA'),
(937, 153, '131952', 'SALANGO'),
(938, 154, '132050', 'JAMA'),
(939, 155, '132150', 'JARAMIJ?'),
(940, 156, '132250', 'SAN VICENTE'),
(941, 156, '132251', 'CANOA'),
(942, 157, '140150', 'MACAS'),
(943, 157, '140151', 'ALSHI (CAB. EN 9 DE OCTUBRE)'),
(944, 157, '140152', 'CHIGUAZA'),
(945, 157, '140153', 'GENERAL PROA?O'),
(946, 157, '140154', 'HUASAGA (CAB.EN WAMPUIK)'),
(947, 157, '140155', 'MACUMA'),
(948, 157, '140156', 'SAN ISIDRO'),
(949, 157, '140157', 'SEVILLA DON BOSCO'),
(950, 157, '140158', 'SINA?'),
(951, 157, '140159', 'TAISHA'),
(952, 157, '140160', 'ZU?A (Z??AC)'),
(953, 157, '140161', 'TUUTINENTZA'),
(954, 157, '140162', 'CUCHAENTZA'),
(955, 157, '140163', 'SAN JOS? DE MORONA'),
(956, 157, '140164', 'R?O BLANCO'),
(957, 158, '140201', 'GUALAQUIZA'),
(958, 158, '140202', 'MERCEDES MOLINA'),
(959, 158, '140250', 'GUALAQUIZA'),
(960, 158, '140251', 'AMAZONAS (ROSARIO DE CUYES)'),
(961, 158, '140252', 'BERMEJOS'),
(962, 158, '140253', 'BOMBOIZA'),
(963, 158, '140254', 'CHIG?INDA'),
(964, 158, '140255', 'EL ROSARIO'),
(965, 158, '140256', 'NUEVA TARQUI'),
(966, 158, '140257', 'SAN MIGUEL DE CUYES'),
(967, 158, '140258', 'EL IDEAL'),
(968, 159, '140350', 'GENERAL LEONIDAS PLAZA GUTI?RREZ (LIM?N)'),
(969, 159, '140351', 'INDANZA'),
(970, 159, '140352', 'PAN DE AZ?CAR'),
(971, 159, '140353', 'SAN ANTONIO (CAB. EN SAN ANTONIO CENTRO'),
(972, 159, '140354', 'SAN CARLOS DE LIM?N (SAN CARLOS DEL'),
(973, 159, '140355', 'SAN JUAN BOSCO'),
(974, 159, '140356', 'SAN MIGUEL DE CONCHAY'),
(975, 159, '140357', 'SANTA SUSANA DE CHIVIAZA (CAB. EN CHIVIAZA)'),
(976, 159, '140358', 'YUNGANZA (CAB. EN EL ROSARIO)'),
(977, 160, '140450', 'PALORA (METZERA)'),
(978, 160, '140451', 'ARAPICOS'),
(979, 160, '140452', 'CUMAND? (CAB. EN COLONIA AGR?COLA SEVILLA DEL ORO)'),
(980, 160, '140453', 'HUAMBOYA'),
(981, 160, '140454', 'SANGAY (CAB. EN NAYAMANACA)'),
(982, 161, '140550', 'SANTIAGO DE M?NDEZ'),
(983, 161, '140551', 'COPAL'),
(984, 161, '140552', 'CHUPIANZA'),
(985, 161, '140553', 'PATUCA'),
(986, 161, '140554', 'SAN LUIS DE EL ACHO (CAB. EN EL ACHO)'),
(987, 161, '140555', 'SANTIAGO'),
(988, 161, '140556', 'TAYUZA'),
(989, 161, '140557', 'SAN FRANCISCO DE CHINIMBIMI'),
(990, 162, '140650', 'SUC?A'),
(991, 162, '140651', 'ASUNCI?N'),
(992, 162, '140652', 'HUAMBI'),
(993, 162, '140653', 'LOGRO?O'),
(994, 162, '140654', 'YAUPI'),
(995, 162, '140655', 'SANTA MARIANITA DE JES?S'),
(996, 163, '140750', 'HUAMBOYA'),
(997, 163, '140751', 'CHIGUAZA'),
(998, 163, '140752', 'PABLO SEXTO'),
(999, 164, '140850', 'SAN JUAN BOSCO'),
(1000, 164, '140851', 'PAN DE AZ?CAR'),
(1001, 164, '140852', 'SAN CARLOS DE LIM?N'),
(1002, 164, '140853', 'SAN JACINTO DE WAKAMBEIS'),
(1003, 164, '140854', 'SANTIAGO DE PANANZA'),
(1004, 165, '140950', 'TAISHA'),
(1005, 165, '140951', 'HUASAGA (CAB. EN WAMPUIK)'),
(1006, 165, '140952', 'MACUMA'),
(1007, 165, '140953', 'TUUTINENTZA'),
(1008, 165, '140954', 'PUMPUENTSA'),
(1009, 166, '141050', 'LOGRO?O'),
(1010, 166, '141051', 'YAUPI'),
(1011, 166, '141052', 'SHIMPIS'),
(1012, 167, '141150', 'PABLO SEXTO'),
(1013, 168, '141250', 'SANTIAGO'),
(1014, 168, '141251', 'SAN JOS? DE MORONA'),
(1015, 169, '150150', 'TENA'),
(1016, 169, '150151', 'AHUANO'),
(1017, 169, '150152', 'CARLOS JULIO AROSEMENA TOLA (ZATZA-YACU)'),
(1018, 169, '150153', 'CHONTAPUNTA'),
(1019, 169, '150154', 'PANO'),
(1020, 169, '150155', 'PUERTO MISAHUALLI'),
(1021, 169, '150156', 'PUERTO NAPO'),
(1022, 169, '150157', 'T?LAG'),
(1023, 169, '150158', 'SAN JUAN DE MUYUNA'),
(1024, 170, '150350', 'ARCHIDONA'),
(1025, 170, '150351', 'AVILA'),
(1026, 170, '150352', 'COTUNDO'),
(1027, 170, '150353', 'LORETO'),
(1028, 170, '150354', 'SAN PABLO DE USHPAYACU'),
(1029, 170, '150355', 'PUERTO MURIALDO'),
(1030, 171, '150450', 'EL CHACO'),
(1031, 171, '150451', 'GONZALO D?AZ DE PINEDA (EL BOMB?N)'),
(1032, 171, '150452', 'LINARES'),
(1033, 171, '150453', 'OYACACHI'),
(1034, 171, '150454', 'SANTA ROSA'),
(1035, 171, '150455', 'SARDINAS'),
(1036, 172, '150750', 'BAEZA'),
(1037, 172, '150751', 'COSANGA'),
(1038, 172, '150752', 'CUYUJA'),
(1039, 172, '150753', 'PAPALLACTA'),
(1040, 172, '150754', 'SAN FRANCISCO DE BORJA (VIRGILIO D?VILA)'),
(1041, 172, '150755', 'SAN JOS? DEL PAYAMINO'),
(1042, 172, '150756', 'SUMACO'),
(1043, 173, '150950', 'CARLOS JULIO AROSEMENA TOLA'),
(1044, 174, '160150', 'PUYO'),
(1045, 174, '160151', 'ARAJUNO'),
(1046, 174, '160152', 'CANELOS'),
(1047, 174, '160153', 'CURARAY'),
(1048, 174, '160154', 'DIEZ DE AGOSTO'),
(1049, 174, '160155', 'F?TIMA'),
(1050, 174, '160156', 'MONTALVO (ANDOAS)'),
(1051, 174, '160157', 'POMONA'),
(1052, 174, '160158', 'R?O CORRIENTES'),
(1053, 174, '160159', 'R?O TIGRE'),
(1054, 174, '160160', 'SANTA CLARA'),
(1055, 174, '160161', 'SARAYACU'),
(1056, 174, '160162', 'SIM?N BOL?VAR (CAB. EN MUSHULLACTA)'),
(1057, 174, '160163', 'TARQUI'),
(1058, 174, '160164', 'TENIENTE HUGO ORTIZ'),
(1059, 174, '160165', 'VERACRUZ (INDILLAMA) (CAB. EN INDILLAMA)'),
(1060, 174, '160166', 'EL TRIUNFO'),
(1061, 175, '160250', 'MERA'),
(1062, 175, '160251', 'MADRE TIERRA'),
(1063, 175, '160252', 'SHELL'),
(1064, 176, '160350', 'SANTA CLARA'),
(1065, 176, '160351', 'SAN JOS?'),
(1066, 177, '160450', 'ARAJUNO'),
(1067, 177, '160451', 'CURARAY'),
(1068, 178, '170101', 'BELISARIO QUEVEDO'),
(1069, 178, '170102', 'CARCEL?N'),
(1070, 178, '170103', 'CENTRO HIST?RICO'),
(1071, 178, '170104', 'COCHAPAMBA'),
(1072, 178, '170105', 'COMIT? DEL PUEBLO'),
(1073, 178, '170106', 'COTOCOLLAO'),
(1074, 178, '170107', 'CHILIBULO'),
(1075, 178, '170108', 'CHILLOGALLO'),
(1076, 178, '170109', 'CHIMBACALLE'),
(1077, 178, '170110', 'EL CONDADO'),
(1078, 178, '170111', 'GUAMAN?'),
(1079, 178, '170112', 'I?AQUITO'),
(1080, 178, '170113', 'ITCHIMB?A'),
(1081, 178, '170114', 'JIPIJAPA'),
(1082, 178, '170115', 'KENNEDY'),
(1083, 178, '170116', 'LA ARGELIA'),
(1084, 178, '170117', 'LA CONCEPCI?N'),
(1085, 178, '170118', 'LA ECUATORIANA'),
(1086, 178, '170119', 'LA FERROVIARIA'),
(1087, 178, '170120', 'LA LIBERTAD'),
(1088, 178, '170121', 'LA MAGDALENA'),
(1089, 178, '170122', 'LA MENA'),
(1090, 178, '170123', 'MARISCAL SUCRE'),
(1091, 178, '170124', 'PONCEANO'),
(1092, 178, '170125', 'PUENGAS?'),
(1093, 178, '170126', 'QUITUMBE'),
(1094, 178, '170127', 'RUMIPAMBA'),
(1095, 178, '170128', 'SAN BARTOLO'),
(1096, 178, '170129', 'SAN ISIDRO DEL INCA'),
(1097, 178, '170130', 'SAN JUAN'),
(1098, 178, '170131', 'SOLANDA'),
(1099, 178, '170132', 'TURUBAMBA'),
(1101, 178, '170151', 'ALANGAS?'),
(1102, 178, '170152', 'AMAGUA?A'),
(1103, 178, '170153', 'ATAHUALPA'),
(1104, 178, '170154', 'CALACAL?'),
(1105, 178, '170155', 'CALDER?N'),
(1106, 178, '170156', 'CONOCOTO'),
(1107, 178, '170157', 'CUMBAY?'),
(1108, 178, '170158', 'CHAVEZPAMBA'),
(1109, 178, '170159', 'CHECA'),
(1110, 178, '170160', 'EL QUINCHE'),
(1111, 178, '170161', 'GUALEA'),
(1112, 178, '170162', 'GUANGOPOLO'),
(1113, 178, '170163', 'GUAYLLABAMBA'),
(1114, 178, '170164', 'LA MERCED'),
(1115, 178, '170165', 'LLANO CHICO'),
(1116, 178, '170166', 'LLOA'),
(1118, 178, '170168', 'NANEGAL'),
(1119, 178, '170169', 'NANEGALITO'),
(1120, 178, '170170', 'NAY?N'),
(1121, 178, '170171', 'NONO'),
(1122, 178, '170172', 'PACTO'),
(1124, 178, '170174', 'PERUCHO'),
(1125, 178, '170175', 'PIFO'),
(1126, 178, '170176', 'P?NTAG'),
(1127, 178, '170177', 'POMASQUI'),
(1128, 178, '170178', 'PU?LLARO'),
(1129, 178, '170179', 'PUEMBO'),
(1130, 178, '170180', 'SAN ANTONIO'),
(1131, 178, '170181', 'SAN JOS? DE MINAS'),
(1133, 178, '170183', 'TABABELA'),
(1134, 178, '170184', 'TUMBACO'),
(1135, 178, '170185', 'YARUQU?'),
(1136, 178, '170186', 'ZAMBIZA'),
(1138, 179, '170201', 'AYORA'),
(1139, 179, '170202', 'CAYAMBE'),
(1140, 179, '170203', 'JUAN MONTALVO'),
(1141, 179, '170250', 'CAYAMBE'),
(1142, 179, '170251', 'ASC?ZUBI'),
(1143, 179, '170252', 'CANGAHUA'),
(1144, 179, '170253', 'OLMEDO (PESILLO)'),
(1145, 179, '170254', 'OT?N'),
(1146, 179, '170255', 'SANTA ROSA DE CUZUBAMBA'),
(1147, 180, '170350', 'MACHACHI'),
(1148, 180, '170351', 'AL?AG'),
(1149, 180, '170352', 'ALOAS?'),
(1150, 180, '170353', 'CUTUGLAHUA'),
(1151, 180, '170354', 'EL CHAUPI'),
(1152, 180, '170355', 'MANUEL CORNEJO ASTORGA (TANDAPI)'),
(1153, 180, '170356', 'TAMBILLO'),
(1154, 180, '170357', 'UYUMBICHO'),
(1155, 181, '170450', 'TABACUNDO'),
(1156, 181, '170451', 'LA ESPERANZA'),
(1157, 181, '170452', 'MALCHINGU?'),
(1158, 181, '170453', 'TOCACHI'),
(1159, 181, '170454', 'TUPIGACHI'),
(1160, 182, '170501', 'SANGOLQU?'),
(1161, 182, '170502', 'SAN PEDRO DE TABOADA'),
(1162, 182, '170503', 'SAN RAFAEL'),
(1163, 182, '170550', 'SANGOLQUI'),
(1164, 182, '170551', 'COTOGCHOA'),
(1165, 182, '170552', 'RUMIPAMBA'),
(1166, 183, '170750', 'SAN MIGUEL DE LOS BANCOS'),
(1167, 183, '170751', 'MINDO'),
(1168, 183, '170752', 'PEDRO VICENTE MALDONADO'),
(1169, 183, '170753', 'PUERTO QUITO'),
(1170, 184, '170850', 'PEDRO VICENTE MALDONADO'),
(1171, 185, '170950', 'PUERTO QUITO'),
(1172, 186, '180101', 'ATOCHA ? FICOA'),
(1173, 186, '180102', 'CELIANO MONGE'),
(1174, 186, '180103', 'HUACHI CHICO'),
(1175, 186, '180104', 'HUACHI LORETO'),
(1176, 186, '180105', 'LA MERCED'),
(1177, 186, '180106', 'LA PEN?NSULA'),
(1178, 186, '180107', 'MATRIZ'),
(1179, 186, '180108', 'PISHILATA'),
(1180, 186, '180109', 'SAN FRANCISCO'),
(1181, 186, '180150', 'AMBATO'),
(1182, 186, '180151', 'AMBATILLO'),
(1183, 186, '180152', 'ATAHUALPA (CHISALATA)'),
(1184, 186, '180153', 'AUGUSTO N. MART?NEZ (MUNDUGLEO)'),
(1185, 186, '180154', 'CONSTANTINO FERN?NDEZ (CAB. EN CULLITAHUA)'),
(1186, 186, '180155', 'HUACHI GRANDE'),
(1187, 186, '180156', 'IZAMBA'),
(1188, 186, '180157', 'JUAN BENIGNO VELA'),
(1189, 186, '180158', 'MONTALVO'),
(1190, 186, '180159', 'PASA'),
(1191, 186, '180160', 'PICAIGUA'),
(1192, 186, '180161', 'PILAG??N (PILAH??N)'),
(1193, 186, '180162', 'QUISAPINCHA (QUIZAPINCHA)'),
(1194, 186, '180163', 'SAN BARTOLOM? DE PINLLOG'),
(1195, 186, '180164', 'SAN FERNANDO (PASA SAN FERNANDO)'),
(1196, 186, '180165', 'SANTA ROSA'),
(1197, 186, '180166', 'TOTORAS'),
(1198, 186, '180167', 'CUNCHIBAMBA'),
(1199, 186, '180168', 'UNAMUNCHO'),
(1200, 187, '180250', 'BA?OS DE AGUA SANTA'),
(1201, 187, '180251', 'LLIGUA'),
(1202, 187, '180252', 'R?O NEGRO'),
(1203, 187, '180253', 'R?O VERDE'),
(1204, 187, '180254', 'ULBA'),
(1205, 188, '180350', 'CEVALLOS'),
(1206, 189, '180450', 'MOCHA'),
(1207, 189, '180451', 'PINGUIL?'),
(1208, 190, '180550', 'PATATE'),
(1209, 190, '180551', 'EL TRIUNFO'),
(1210, 190, '180552', 'LOS ANDES (CAB. EN POATUG)'),
(1211, 190, '180553', 'SUCRE (CAB. EN SUCRE-PATATE URCU)'),
(1212, 191, '180650', 'QUERO'),
(1213, 191, '180651', 'RUMIPAMBA'),
(1214, 191, '180652', 'YANAYACU - MOCHAPATA (CAB. EN YANAYACU)'),
(1215, 192, '180701', 'PELILEO'),
(1216, 192, '180702', 'PELILEO GRANDE'),
(1217, 192, '180750', 'PELILEO'),
(1218, 192, '180751', 'BEN?TEZ (PACHANLICA)'),
(1219, 192, '180752', 'BOL?VAR'),
(1220, 192, '180753', 'COTAL?'),
(1221, 192, '180754', 'CHIQUICHA (CAB. EN CHIQUICHA GRANDE)'),
(1222, 192, '180755', 'EL ROSARIO (RUMICHACA)'),
(1223, 192, '180756', 'GARC?A MORENO (CHUMAQUI)'),
(1224, 192, '180757', 'GUAMBAL? (HUAMBAL?)'),
(1225, 192, '180758', 'SALASACA'),
(1226, 193, '180801', 'CIUDAD NUEVA'),
(1227, 193, '180802', 'P?LLARO'),
(1228, 193, '180850', 'P?LLARO'),
(1229, 193, '180851', 'BAQUERIZO MORENO'),
(1230, 193, '180852', 'EMILIO MAR?A TER?N (RUMIPAMBA)'),
(1231, 193, '180853', 'MARCOS ESPINEL (CHACATA)'),
(1232, 193, '180854', 'PRESIDENTE URBINA (CHAGRAPAMBA -PATZUCUL)'),
(1233, 193, '180855', 'SAN ANDR?S'),
(1234, 193, '180856', 'SAN JOS? DE POAL?'),
(1235, 193, '180857', 'SAN MIGUELITO'),
(1236, 194, '180950', 'TISALEO'),
(1237, 194, '180951', 'QUINCHICOTO'),
(1238, 195, '190101', 'EL LIM?N'),
(1239, 195, '190102', 'ZAMORA'),
(1240, 195, '190150', 'ZAMORA'),
(1241, 195, '190151', 'CUMBARATZA'),
(1242, 195, '190152', 'GUADALUPE'),
(1243, 195, '190153', 'IMBANA (LA VICTORIA DE IMBANA)'),
(1244, 195, '190154', 'PAQUISHA'),
(1245, 195, '190155', 'SABANILLA'),
(1246, 195, '190156', 'TIMBARA'),
(1247, 195, '190157', 'ZUMBI'),
(1248, 195, '190158', 'SAN CARLOS DE LAS MINAS'),
(1249, 196, '190250', 'ZUMBA'),
(1250, 196, '190251', 'CHITO'),
(1251, 196, '190252', 'EL CHORRO'),
(1252, 196, '190253', 'EL PORVENIR DEL CARMEN'),
(1253, 196, '190254', 'LA CHONTA'),
(1254, 196, '190255', 'PALANDA'),
(1255, 196, '190256', 'PUCAPAMBA'),
(1256, 196, '190257', 'SAN FRANCISCO DEL VERGEL'),
(1257, 196, '190258', 'VALLADOLID'),
(1258, 196, '190259', 'SAN ANDR?S'),
(1259, 197, '190350', 'GUAYZIMI'),
(1260, 197, '190351', 'ZURMI'),
(1261, 197, '190352', 'NUEVO PARA?SO'),
(1262, 198, '190450', '28 DE MAYO (SAN JOS? DE YACUAMBI)'),
(1263, 198, '190451', 'LA PAZ'),
(1264, 198, '190452', 'TUTUPALI'),
(1265, 199, '190550', 'YANTZAZA (YANZATZA)'),
(1266, 199, '190551', 'CHICA?A'),
(1267, 199, '190552', 'EL PANGUI'),
(1268, 199, '190553', 'LOS ENCUENTROS'),
(1269, 200, '190650', 'EL PANGUI'),
(1270, 200, '190651', 'EL GUISME'),
(1271, 200, '190652', 'PACHICUTZA'),
(1272, 200, '190653', 'TUNDAYME'),
(1273, 201, '190750', 'ZUMBI'),
(1274, 201, '190751', 'PAQUISHA'),
(1275, 201, '190752', 'TRIUNFO-DORADO'),
(1276, 201, '190753', 'PANGUINTZA'),
(1277, 202, '190850', 'PALANDA'),
(1278, 202, '190851', 'EL PORVENIR DEL CARMEN'),
(1279, 202, '190852', 'SAN FRANCISCO DEL VERGEL'),
(1280, 202, '190853', 'VALLADOLID'),
(1281, 202, '190854', 'LA CANELA'),
(1282, 203, '190950', 'PAQUISHA'),
(1283, 203, '190951', 'BELLAVISTA'),
(1284, 203, '190952', 'NUEVO QUITO'),
(1285, 204, '200150', 'PUERTO BAQUERIZO MORENO'),
(1286, 204, '200151', 'EL PROGRESO'),
(1287, 204, '200152', 'ISLA SANTA MAR?A (FLOREANA) (CAB. EN PTO. VELASCO IBARRA)'),
(1288, 205, '200250', 'PUERTO VILLAMIL'),
(1289, 205, '200251', 'TOM?S DE BERLANGA (SANTO TOM?S)'),
(1290, 206, '200350', 'PUERTO AYORA'),
(1291, 206, '200351', 'BELLAVISTA'),
(1292, 206, '200352', 'SANTA ROSA (INCLUYE LA ISLA BALTRA)'),
(1293, 207, '210150', 'NUEVA LOJA'),
(1294, 207, '210151', 'CUYABENO'),
(1295, 207, '210152', 'DURENO'),
(1296, 207, '210153', 'GENERAL FARF?N'),
(1297, 207, '210154', 'TARAPOA'),
(1298, 207, '210155', 'EL ENO'),
(1299, 207, '210156', 'PACAYACU'),
(1300, 207, '210157', 'JAMBEL?'),
(1301, 207, '210158', 'SANTA CECILIA'),
(1302, 207, '210159', 'AGUAS NEGRAS'),
(1303, 208, '210250', 'EL DORADO DE CASCALES'),
(1304, 208, '210251', 'EL REVENTADOR'),
(1305, 208, '210252', 'GONZALO PIZARRO'),
(1306, 208, '210253', 'LUMBAQU?'),
(1307, 208, '210254', 'PUERTO LIBRE'),
(1308, 208, '210255', 'SANTA ROSA DE SUCUMB?OS'),
(1309, 209, '210350', 'PUERTO EL CARMEN DEL PUTUMAYO'),
(1310, 209, '210351', 'PALMA ROJA'),
(1311, 209, '210352', 'PUERTO BOL?VAR (PUERTO MONT?FAR)'),
(1312, 209, '210353', 'PUERTO RODR?GUEZ'),
(1313, 209, '210354', 'SANTA ELENA'),
(1314, 210, '210450', 'SHUSHUFINDI'),
(1315, 210, '210451', 'LIMONCOCHA'),
(1316, 210, '210452', 'PA?ACOCHA'),
(1317, 210, '210453', 'SAN ROQUE (CAB. EN SAN VICENTE)'),
(1318, 210, '210454', 'SAN PEDRO DE LOS COFANES'),
(1319, 210, '210455', 'SIETE DE JULIO'),
(1320, 211, '210550', 'LA BONITA'),
(1321, 211, '210551', 'EL PLAY?N DE SAN FRANCISCO'),
(1322, 211, '210552', 'LA SOF?A'),
(1323, 211, '210553', 'ROSA FLORIDA'),
(1324, 211, '210554', 'SANTA B?RBARA'),
(1325, 212, '210650', 'EL DORADO DE CASCALES'),
(1326, 212, '210651', 'SANTA ROSA DE SUCUMB?OS'),
(1327, 212, '210652', 'SEVILLA'),
(1328, 213, '210750', 'TARAPOA'),
(1329, 213, '210751', 'CUYABENO'),
(1330, 213, '210752', 'AGUAS NEGRAS'),
(1331, 214, '220150', 'PUERTO FRANCISCO DE ORELLANA (EL COCA)'),
(1332, 214, '220151', 'DAYUMA'),
(1333, 214, '220152', 'TARACOA (NUEVA ESPERANZA: YUCA)'),
(1334, 214, '220153', 'ALEJANDRO LABAKA'),
(1335, 214, '220154', 'EL DORADO'),
(1336, 214, '220155', 'EL ED?N'),
(1337, 214, '220156', 'GARC?A MORENO'),
(1338, 214, '220157', 'IN?S ARANGO (CAB. EN WESTERN)'),
(1339, 214, '220158', 'LA BELLEZA'),
(1340, 214, '220159', 'NUEVO PARA?SO (CAB. EN UNI?N'),
(1341, 214, '220160', 'SAN JOS? DE GUAYUSA'),
(1342, 214, '220161', 'SAN LUIS DE ARMENIA'),
(1343, 215, '220201', 'TIPITINI'),
(1344, 215, '220250', 'NUEVO ROCAFUERTE'),
(1345, 215, '220251', 'CAPIT?N AUGUSTO RIVADENEYRA'),
(1346, 215, '220252', 'CONONACO'),
(1347, 215, '220253', 'SANTA MAR?A DE HUIRIRIMA'),
(1348, 215, '220254', 'TIPUTINI'),
(1349, 215, '220255', 'YASUN?'),
(1350, 216, '220350', 'LA JOYA DE LOS SACHAS'),
(1351, 216, '220351', 'ENOKANQUI'),
(1352, 216, '220352', 'POMPEYA'),
(1353, 216, '220353', 'SAN CARLOS'),
(1354, 216, '220354', 'SAN SEBASTI?N DEL COCA'),
(1355, 216, '220355', 'LAGO SAN PEDRO'),
(1356, 216, '220356', 'RUMIPAMBA'),
(1357, 216, '220357', 'TRES DE NOVIEMBRE'),
(1358, 216, '220358', 'UNI?N MILAGRE?A'),
(1359, 217, '220450', 'LORETO'),
(1360, 217, '220451', 'AVILA (CAB. EN HUIRUNO)'),
(1361, 217, '220452', 'PUERTO MURIALDO'),
(1362, 217, '220453', 'SAN JOS? DE PAYAMINO'),
(1363, 217, '220454', 'SAN JOS? DE DAHUANO'),
(1364, 217, '220455', 'SAN VICENTE DE HUATICOCHA'),
(1365, 218, '230101', 'ABRAHAM CALAZAC?N'),
(1366, 218, '230102', 'BOMBOL?'),
(1367, 218, '230103', 'CHIGUILPE'),
(1368, 218, '230104', 'R?O TOACHI'),
(1369, 218, '230105', 'R?O VERDE'),
(1370, 218, '230106', 'SANTO DOMINGO DE LOS COLORADOS'),
(1371, 218, '230107', 'ZARACAY'),
(1372, 218, '230150', 'SANTO DOMINGO DE LOS COLORADOS'),
(1373, 218, '230151', 'ALLURIQU?N'),
(1374, 218, '230152', 'PUERTO LIM?N'),
(1375, 218, '230153', 'LUZ DE AM?RICA'),
(1376, 218, '230154', 'SAN JACINTO DEL B?A'),
(1377, 218, '230155', 'VALLE HERMOSO'),
(1378, 218, '230156', 'EL ESFUERZO'),
(1379, 218, '230157', 'SANTA MAR?A DEL TOACHI'),
(1380, 219, '240101', 'BALLENITA'),
(1381, 219, '240102', 'SANTA ELENA');
INSERT INTO `PARROQUIA` (`ID_PARROQUIA`, `ID_CIUDAD`, `CODIGO`, `NOMBRE`) VALUES
(1382, 219, '240150', 'SANTA ELENA'),
(1383, 219, '240151', 'ATAHUALPA'),
(1384, 219, '240152', 'COLONCHE'),
(1385, 219, '240153', 'CHANDUY'),
(1386, 219, '240154', 'MANGLARALTO'),
(1387, 219, '240155', 'SIM?N BOL?VAR (JULIO MORENO)'),
(1388, 219, '240156', 'SAN JOS? DE ANC?N'),
(1389, 220, '240250', 'LA LIBERTAD'),
(1390, 221, '240301', 'CARLOS ESPINOZA LARREA'),
(1391, 221, '240302', 'GRAL. ALBERTO ENR?QUEZ GALLO'),
(1392, 221, '240303', 'VICENTE ROCAFUERTE'),
(1393, 221, '240304', 'SANTA ROSA'),
(1394, 221, '240350', 'SALINAS'),
(1395, 221, '240351', 'ANCONCITO'),
(1396, 221, '240352', 'JOS? LUIS TAMAYO (MUEY)'),
(1397, 222, '900151', 'LAS GOLONDRINAS'),
(1398, 223, '900351', 'MANGA DEL CURA'),
(1399, 224, '900451', 'EL PIEDRERO');

-- --------------------------------------------------------

--
-- Estructura de tabla para la tabla `PERSONA_CONTACTO`
--

CREATE TABLE `PERSONA_CONTACTO` (
  `ID_CONTACTO` int(11) NOT NULL,
  `NOMBRES` text,
  `APELLIDOS` text,
  `CEDULA` int(11) DEFAULT NULL,
  `OCUPACION` text,
  `DISCAPACIDAD` tinyint(1) DEFAULT NULL,
  `USA_TELEFONO` tinyint(1) DEFAULT NULL,
  `TELEFONO2` int(11) DEFAULT NULL,
  `TELEFONO3` int(11) DEFAULT NULL,
  `EDAD` int(11) DEFAULT NULL,
  `FECHA_NACIMIENTO` date DEFAULT NULL,
  `FECHA_DEFUNCION` date DEFAULT NULL,
  `ESTADO_CIVIL` text,
  `INSTRUCCION` text,
  `PROFESION` text,
  `LUGAR_TRABAJO` text,
  `DESCRIPCION_DISCAPACIDAD` text,
  `TELEFONO` text
) ENGINE=InnoDB DEFAULT CHARSET=latin1;

-- --------------------------------------------------------

--
-- Estructura de tabla para la tabla `PROVINCIA`
--

CREATE TABLE `PROVINCIA` (
  `ID_PROVINCIA` int(11) NOT NULL,
  `ID_REGION` int(11) DEFAULT NULL,
  `CODIGO` varchar(100) DEFAULT NULL,
  `NOMBRE` text
) ENGINE=InnoDB DEFAULT CHARSET=latin1;

--
-- Volcado de datos para la tabla `PROVINCIA`
--

INSERT INTO `PROVINCIA` (`ID_PROVINCIA`, `ID_REGION`, `CODIGO`, `NOMBRE`) VALUES
(1, 1, '1', 'AZUAY'),
(2, 1, '2', 'BOLIVAR'),
(3, 1, '3', 'CA?AR'),
(4, 1, '4', 'CARCHI'),
(5, 1, '5', 'COTOPAXI'),
(6, 1, '6', 'CHIMBORAZO'),
(7, 2, '7', 'EL ORO'),
(8, 2, '8', 'ESMERALDAS'),
(9, 2, '9', 'GUAYAS'),
(10, 1, '10', 'IMBABURA'),
(11, 1, '11', 'LOJA'),
(12, 2, '12', 'LOS RIOS'),
(13, 2, '13', 'MANABI'),
(14, 3, '14', 'MORONA SANTIAGO'),
(15, 3, '15', 'NAPO'),
(16, 3, '16', 'PASTAZA'),
(17, 1, '17', 'PICHINCHA'),
(18, 1, '18', 'TUNGURAHUA'),
(19, 3, '19', 'ZAMORA CHINCHIPE'),
(20, 4, '20', 'GALAPAGOS'),
(21, 3, '21', 'SUCUMBIOS'),
(22, 3, '22', 'ORELLANA'),
(23, 1, '23', 'SANTO DOMINGO DE LOS TSACHILAS'),
(24, 2, '24', 'SANTA ELENA'),
(25, 1, '90', 'ZONAS NO DELIMITADAS');

-- --------------------------------------------------------

--
-- Estructura de tabla para la tabla `REGION`
--

CREATE TABLE `REGION` (
  `ID_REGION` int(11) NOT NULL,
  `ID_PAIS` int(11) DEFAULT NULL,
  `CODIGO` varchar(100) DEFAULT NULL,
  `NOMBRE` text
) ENGINE=InnoDB DEFAULT CHARSET=latin1;

--
-- Volcado de datos para la tabla `REGION`
--

INSERT INTO `REGION` (`ID_REGION`, `ID_PAIS`, `CODIGO`, `NOMBRE`) VALUES
(1, 1, '1', 'SIERRA'),
(2, 1, '2', 'COSTA'),
(3, 1, '3', 'ORIENTE'),
(4, 1, '4', 'INSULAR');

-- --------------------------------------------------------

--
-- Estructura de tabla para la tabla `ROLE`
--

CREATE TABLE `ROLE` (
  `ID_ROLE` int(11) NOT NULL,
  `MOTOR_GIROS` text,
  `ROL` text
) ENGINE=InnoDB DEFAULT CHARSET=latin1;

-- --------------------------------------------------------

--
-- Estructura de tabla para la tabla `SEGUIMIENTO_ESTUDIANTE`
--

CREATE TABLE `SEGUIMIENTO_ESTUDIANTE` (
  `ID_SEGUIMIENTO` int(11) NOT NULL,
  `MOTOR_GIROS` text,
  `FECHA` date DEFAULT NULL,
  `ADICIONALES_PERIODO` text,
  `RESULTADOS` text,
  `OBSERVACIONES` text,
  `FECHA_REINGRESO` date DEFAULT NULL,
  `FECHA_EGRESO` date DEFAULT NULL,
  `CAUSA_EGRESO` text,
  `DESCRIPCION` text
) ENGINE=InnoDB DEFAULT CHARSET=latin1;

-- --------------------------------------------------------

--
-- Estructura de tabla para la tabla `SEXO`
--

CREATE TABLE `SEXO` (
  `ID_SEXO` int(11) NOT NULL,
  `SEXO` text
) ENGINE=InnoDB DEFAULT CHARSET=latin1;

-- --------------------------------------------------------

--
-- Estructura de tabla para la tabla `TRAZA_USER`
--

CREATE TABLE `TRAZA_USER` (
  `ID_TRAZA` int(11) NOT NULL,
  `FECHA_CREACION` date DEFAULT NULL,
  `ACCION` text
) ENGINE=InnoDB DEFAULT CHARSET=latin1;

-- --------------------------------------------------------

--
-- Estructura de tabla para la tabla `USUARIO`
--

CREATE TABLE `USUARIO` (
  `ID_USUARIO` int(11) NOT NULL,
  `ID_SEXO` int(11) DEFAULT NULL,
  `CEDULA` int(11) DEFAULT NULL,
  `DIRECCION` text,
  `USA_TELEFONO` tinyint(1) DEFAULT NULL,
  `EMAIL` text,
  `USUARIO` text,
  `PASSWORD` text,
  `SALT` text,
  `ISLDAP` tinyint(1) DEFAULT NULL,
  `DIENTES_ESTADOS` text,
  `FECHA_EXPIRACION` date DEFAULT NULL,
  `RUTA_FOTO` varchar(256) DEFAULT NULL,
  `ACCION` text,
  `TELEFONO` text
) ENGINE=InnoDB DEFAULT CHARSET=latin1;

-- --------------------------------------------------------

--
-- Estructura de tabla para la tabla `USUARIO_LDAP`
--

CREATE TABLE `USUARIO_LDAP` (
  `ID_USUARIO_LDAP` int(11) NOT NULL,
  `USUARIO` text
) ENGINE=InnoDB DEFAULT CHARSET=latin1;

-- --------------------------------------------------------

--
-- Estructura de tabla para la tabla `USUARIO_ROLE`
--

CREATE TABLE `USUARIO_ROLE` (
  `ID_USUARIO` int(11) NOT NULL,
  `ID_ROLE` int(11) NOT NULL
) ENGINE=InnoDB DEFAULT CHARSET=latin1;

-- --------------------------------------------------------

--
-- Estructura de tabla para la tabla `VIVIENDA`
--

CREATE TABLE `VIVIENDA` (
  `ID_VIVIENDA` int(11) NOT NULL,
  `TENENCIA` text,
  `TIPO_VIVIENDA` text,
  `NUMERO_PISOS` int(11) DEFAULT NULL,
  `MATERIAL_CONSTRUCCION` text,
  `DESCRIPCION_VIVIENDA` text,
  `NUMERO_TOTAL_CUARTOS` int(11) DEFAULT NULL,
  `DOMITORIOS` tinyint(1) DEFAULT NULL,
  `SALA` tinyint(1) DEFAULT NULL,
  `COMEDOR` tinyint(1) DEFAULT NULL,
  `COCINA` tinyint(1) DEFAULT NULL,
  `BANIO` tinyint(1) DEFAULT NULL,
  `TIPO_BANIO` text,
  `NUMERO_CAMAS` int(11) DEFAULT NULL,
  `HACINAMIENTO` tinyint(1) DEFAULT NULL,
  `DESCRIPCION_CAPACIDAD_VIVIENDA` text,
  `VEHICULO_PROPIO` tinyint(1) DEFAULT NULL,
  `DESCRIPCION_VEHICULO` text,
  `TIPO_SERVICIO_AGUA` text,
  `DESCRIPCION_OTRO_SERVICIO_AGUA` text,
  `TIPO_PISO` text,
  `DESCRIPCION_OTRO_PISO` text,
  `TIPO_TECHO` text,
  `DESCRIPCION_OTRO_TECHO` text,
  `TIPO_LUZ_ELECTRICA` text,
  `ALCANTARILLADO` tinyint(1) DEFAULT NULL,
  `USA_TELEFONO` tinyint(1) DEFAULT NULL,
  `TVCABLE` tinyint(1) DEFAULT NULL,
  `INTERNET` tinyint(1) DEFAULT NULL,
  `OBSERVACIONES` text
) ENGINE=InnoDB DEFAULT CHARSET=latin1;

--
-- Índices para tablas volcadas
--

--
-- Indices de la tabla `ANTECEDENTES`
--
ALTER TABLE `ANTECEDENTES`
  ADD PRIMARY KEY (`ID_ANTECEDENTES`);

--
-- Indices de la tabla `ANTECEDENTES_PATOLOGICOS`
--
ALTER TABLE `ANTECEDENTES_PATOLOGICOS`
  ADD PRIMARY KEY (`ID_ANTECEDENTES_PATOLOGICOS`);

--
-- Indices de la tabla `APRENDIZAJE_BASICO`
--
ALTER TABLE `APRENDIZAJE_BASICO`
  ADD PRIMARY KEY (`ID_APRENDIZAJE`);

--
-- Indices de la tabla `CIUDAD`
--
ALTER TABLE `CIUDAD`
  ADD PRIMARY KEY (`ID_CIUDAD`),
  ADD KEY `FK_RELATIONSHIP_3` (`ID_PROVINCIA`);

--
-- Indices de la tabla `CONDUCTA`
--
ALTER TABLE `CONDUCTA`
  ADD PRIMARY KEY (`ID_CONDUCTA`);

--
-- Indices de la tabla `CONSULTA_MEDICA`
--
ALTER TABLE `CONSULTA_MEDICA`
  ADD PRIMARY KEY (`ID_CONSULTA`);

--
-- Indices de la tabla `DATOS_PERSONAL`
--
ALTER TABLE `DATOS_PERSONAL`
  ADD PRIMARY KEY (`ID_DATOS_PERSONAL`);

--
-- Indices de la tabla `DESARROLLO_MOTOR_Y_LENGUAJE`
--
ALTER TABLE `DESARROLLO_MOTOR_Y_LENGUAJE`
  ADD PRIMARY KEY (`ID_DESARROLLO_MOTOR`);

--
-- Indices de la tabla `DOCUMENTO_ESTUDIANTE`
--
ALTER TABLE `DOCUMENTO_ESTUDIANTE`
  ADD PRIMARY KEY (`ID_DOCUMENTO`);

--
-- Indices de la tabla `EGRESOS_SITUACION_ECONOMICA`
--
ALTER TABLE `EGRESOS_SITUACION_ECONOMICA`
  ADD PRIMARY KEY (`ID_EGRESOS`);

--
-- Indices de la tabla `ENTIDAD`
--
ALTER TABLE `ENTIDAD`
  ADD PRIMARY KEY (`ID_ENTIDAD`);

--
-- Indices de la tabla `ESTRUCTURA_FAMILIAR`
--
ALTER TABLE `ESTRUCTURA_FAMILIAR`
  ADD PRIMARY KEY (`ID_CONVIVE`);

--
-- Indices de la tabla `ESTRUCTURA_Y_FUNCION_ORAL`
--
ALTER TABLE `ESTRUCTURA_Y_FUNCION_ORAL`
  ADD PRIMARY KEY (`ID_ESTRUCTURA_Y_FUNCION_ORAL`);

--
-- Indices de la tabla `ESTUDIANTE`
--
ALTER TABLE `ESTUDIANTE`
  ADD PRIMARY KEY (`ID_ESTUDIANTE`),
  ADD KEY `FK_RELATIONSHIP_5` (`ID_PARROQUIA`),
  ADD KEY `FK_RELATIONSHIP_6` (`ID_CIUDAD`),
  ADD KEY `FK_RELATIONSHIP_7` (`ID_PROVINCIA`),
  ADD KEY `FK_RELATIONSHIP_8` (`ID_REGION`),
  ADD KEY `FK_RELATIONSHIP_9` (`ID_PAIS`);

--
-- Indices de la tabla `FICHA_LOGOPEDICA`
--
ALTER TABLE `FICHA_LOGOPEDICA`
  ADD PRIMARY KEY (`ID_LOGOPEDICA`);

--
-- Indices de la tabla `HABILIDADES`
--
ALTER TABLE `HABILIDADES`
  ADD PRIMARY KEY (`ID_HABILIDAD`);

--
-- Indices de la tabla `HISTORIAL_DESARROLLO_SOCIOAFECTIVO`
--
ALTER TABLE `HISTORIAL_DESARROLLO_SOCIOAFECTIVO`
  ADD PRIMARY KEY (`ID_PSICOLOGIA2`);

--
-- Indices de la tabla `HISTORIAL_EDUCATIVO`
--
ALTER TABLE `HISTORIAL_EDUCATIVO`
  ADD PRIMARY KEY (`ID_HISTORIAL`);

--
-- Indices de la tabla `HISTORICO_INFORMACION`
--
ALTER TABLE `HISTORICO_INFORMACION`
  ADD PRIMARY KEY (`ID_HISTORICO`),
  ADD KEY `FK_RELATIONSHIP_12` (`ID_ESTUDIANTE`),
  ADD KEY `FK_RELATIONSHIP_13` (`ID_PSICOLOGIA2`),
  ADD KEY `FK_RELATIONSHIP_14` (`ID_VIVIENDA`),
  ADD KEY `FK_RELATIONSHIP_15` (`ID_SALUD`),
  ADD KEY `FK_RELATIONSHIP_16` (`ID_EGRESOS`),
  ADD KEY `FK_RELATIONSHIP_17` (`ID_INGRESOS`),
  ADD KEY `FK_RELATIONSHIP_18` (`ID_DESARROLLO_MOTOR`),
  ADD KEY `FK_RELATIONSHIP_19` (`ID_LOGOPEDICA`),
  ADD KEY `FK_RELATIONSHIP_20` (`ID_ANTECEDENTES_PATOLOGICOS`),
  ADD KEY `FK_RELATIONSHIP_21` (`ID_ESTRUCTURA_Y_FUNCION_ORAL`),
  ADD KEY `FK_RELATIONSHIP_23` (`ID_APRENDIZAJE`),
  ADD KEY `FK_RELATIONSHIP_24` (`ID_HISTORIAL`),
  ADD KEY `FK_RELATIONSHIP_25` (`ID_HABILIDAD`),
  ADD KEY `FK_RELATIONSHIP_26` (`ID_MOTRICIDAD`),
  ADD KEY `FK_RELATIONSHIP_27` (`ID_CONDUCTA`),
  ADD KEY `FK_RELATIONSHIP_28` (`ID_CONVIVE`),
  ADD KEY `FK_RELATIONSHIP_29` (`ID_SEGUIMIENTO`),
  ADD KEY `FK_RELATIONSHIP_31` (`ID_CONSULTA`);

--
-- Indices de la tabla `INFORMACION_SALUD`
--
ALTER TABLE `INFORMACION_SALUD`
  ADD PRIMARY KEY (`ID_SALUD`);

--
-- Indices de la tabla `INGRESOS_SITUACION_ECONOMICA`
--
ALTER TABLE `INGRESOS_SITUACION_ECONOMICA`
  ADD PRIMARY KEY (`ID_INGRESOS`);

--
-- Indices de la tabla `LDAP`
--
ALTER TABLE `LDAP`
  ADD PRIMARY KEY (`ID_LDAP`);

--
-- Indices de la tabla `MOTRICIDAD`
--
ALTER TABLE `MOTRICIDAD`
  ADD PRIMARY KEY (`ID_MOTRICIDAD`);

--
-- Indices de la tabla `PAIS`
--
ALTER TABLE `PAIS`
  ADD PRIMARY KEY (`ID_PAIS`);

--
-- Indices de la tabla `PARROQUIA`
--
ALTER TABLE `PARROQUIA`
  ADD PRIMARY KEY (`ID_PARROQUIA`),
  ADD KEY `FK_RELATIONSHIP_4` (`ID_CIUDAD`);

--
-- Indices de la tabla `PERSONA_CONTACTO`
--
ALTER TABLE `PERSONA_CONTACTO`
  ADD PRIMARY KEY (`ID_CONTACTO`);

--
-- Indices de la tabla `PROVINCIA`
--
ALTER TABLE `PROVINCIA`
  ADD PRIMARY KEY (`ID_PROVINCIA`),
  ADD KEY `FK_RELATIONSHIP_2` (`ID_REGION`);

--
-- Indices de la tabla `REGION`
--
ALTER TABLE `REGION`
  ADD PRIMARY KEY (`ID_REGION`),
  ADD KEY `FK_RELATIONSHIP_1` (`ID_PAIS`);

--
-- Indices de la tabla `ROLE`
--
ALTER TABLE `ROLE`
  ADD PRIMARY KEY (`ID_ROLE`);

--
-- Indices de la tabla `SEGUIMIENTO_ESTUDIANTE`
--
ALTER TABLE `SEGUIMIENTO_ESTUDIANTE`
  ADD PRIMARY KEY (`ID_SEGUIMIENTO`);

--
-- Indices de la tabla `SEXO`
--
ALTER TABLE `SEXO`
  ADD PRIMARY KEY (`ID_SEXO`);

--
-- Indices de la tabla `TRAZA_USER`
--
ALTER TABLE `TRAZA_USER`
  ADD PRIMARY KEY (`ID_TRAZA`);

--
-- Indices de la tabla `USUARIO`
--
ALTER TABLE `USUARIO`
  ADD PRIMARY KEY (`ID_USUARIO`),
  ADD KEY `FK_RELATIONSHIP_10` (`ID_SEXO`);

--
-- Indices de la tabla `USUARIO_LDAP`
--
ALTER TABLE `USUARIO_LDAP`
  ADD PRIMARY KEY (`ID_USUARIO_LDAP`);

--
-- Indices de la tabla `USUARIO_ROLE`
--
ALTER TABLE `USUARIO_ROLE`
  ADD PRIMARY KEY (`ID_USUARIO`,`ID_ROLE`),
  ADD KEY `FK_RELATIONSHIP_30` (`ID_ROLE`);

--
-- Indices de la tabla `VIVIENDA`
--
ALTER TABLE `VIVIENDA`
  ADD PRIMARY KEY (`ID_VIVIENDA`);

--
-- AUTO_INCREMENT de las tablas volcadas
--

--
-- AUTO_INCREMENT de la tabla `ANTECEDENTES`
--
ALTER TABLE `ANTECEDENTES`
  MODIFY `ID_ANTECEDENTES` int(11) NOT NULL AUTO_INCREMENT;
--
-- AUTO_INCREMENT de la tabla `ANTECEDENTES_PATOLOGICOS`
--
ALTER TABLE `ANTECEDENTES_PATOLOGICOS`
  MODIFY `ID_ANTECEDENTES_PATOLOGICOS` int(11) NOT NULL AUTO_INCREMENT;
--
-- AUTO_INCREMENT de la tabla `APRENDIZAJE_BASICO`
--
ALTER TABLE `APRENDIZAJE_BASICO`
  MODIFY `ID_APRENDIZAJE` int(11) NOT NULL AUTO_INCREMENT;
--
-- AUTO_INCREMENT de la tabla `CIUDAD`
--
ALTER TABLE `CIUDAD`
  MODIFY `ID_CIUDAD` int(11) NOT NULL AUTO_INCREMENT, AUTO_INCREMENT=225;
--
-- AUTO_INCREMENT de la tabla `CONDUCTA`
--
ALTER TABLE `CONDUCTA`
  MODIFY `ID_CONDUCTA` int(11) NOT NULL AUTO_INCREMENT;
--
-- AUTO_INCREMENT de la tabla `CONSULTA_MEDICA`
--
ALTER TABLE `CONSULTA_MEDICA`
  MODIFY `ID_CONSULTA` int(11) NOT NULL AUTO_INCREMENT;
--
-- AUTO_INCREMENT de la tabla `DATOS_PERSONAL`
--
ALTER TABLE `DATOS_PERSONAL`
  MODIFY `ID_DATOS_PERSONAL` int(11) NOT NULL AUTO_INCREMENT;
--
-- AUTO_INCREMENT de la tabla `DESARROLLO_MOTOR_Y_LENGUAJE`
--
ALTER TABLE `DESARROLLO_MOTOR_Y_LENGUAJE`
  MODIFY `ID_DESARROLLO_MOTOR` int(11) NOT NULL AUTO_INCREMENT;
--
-- AUTO_INCREMENT de la tabla `DOCUMENTO_ESTUDIANTE`
--
ALTER TABLE `DOCUMENTO_ESTUDIANTE`
  MODIFY `ID_DOCUMENTO` int(11) NOT NULL AUTO_INCREMENT;
--
-- AUTO_INCREMENT de la tabla `EGRESOS_SITUACION_ECONOMICA`
--
ALTER TABLE `EGRESOS_SITUACION_ECONOMICA`
  MODIFY `ID_EGRESOS` int(11) NOT NULL AUTO_INCREMENT;
--
-- AUTO_INCREMENT de la tabla `ENTIDAD`
--
ALTER TABLE `ENTIDAD`
  MODIFY `ID_ENTIDAD` int(11) NOT NULL AUTO_INCREMENT;
--
-- AUTO_INCREMENT de la tabla `ESTRUCTURA_FAMILIAR`
--
ALTER TABLE `ESTRUCTURA_FAMILIAR`
  MODIFY `ID_CONVIVE` int(11) NOT NULL AUTO_INCREMENT;
--
-- AUTO_INCREMENT de la tabla `ESTRUCTURA_Y_FUNCION_ORAL`
--
ALTER TABLE `ESTRUCTURA_Y_FUNCION_ORAL`
  MODIFY `ID_ESTRUCTURA_Y_FUNCION_ORAL` int(11) NOT NULL AUTO_INCREMENT;
--
-- AUTO_INCREMENT de la tabla `ESTUDIANTE`
--
ALTER TABLE `ESTUDIANTE`
  MODIFY `ID_ESTUDIANTE` int(11) NOT NULL AUTO_INCREMENT;
--
-- AUTO_INCREMENT de la tabla `FICHA_LOGOPEDICA`
--
ALTER TABLE `FICHA_LOGOPEDICA`
  MODIFY `ID_LOGOPEDICA` int(11) NOT NULL AUTO_INCREMENT;
--
-- AUTO_INCREMENT de la tabla `HABILIDADES`
--
ALTER TABLE `HABILIDADES`
  MODIFY `ID_HABILIDAD` int(11) NOT NULL AUTO_INCREMENT;
--
-- AUTO_INCREMENT de la tabla `HISTORIAL_DESARROLLO_SOCIOAFECTIVO`
--
ALTER TABLE `HISTORIAL_DESARROLLO_SOCIOAFECTIVO`
  MODIFY `ID_PSICOLOGIA2` int(11) NOT NULL AUTO_INCREMENT;
--
-- AUTO_INCREMENT de la tabla `HISTORIAL_EDUCATIVO`
--
ALTER TABLE `HISTORIAL_EDUCATIVO`
  MODIFY `ID_HISTORIAL` int(11) NOT NULL AUTO_INCREMENT;
--
-- AUTO_INCREMENT de la tabla `HISTORICO_INFORMACION`
--
ALTER TABLE `HISTORICO_INFORMACION`
  MODIFY `ID_HISTORICO` int(11) NOT NULL AUTO_INCREMENT;
--
-- AUTO_INCREMENT de la tabla `INFORMACION_SALUD`
--
ALTER TABLE `INFORMACION_SALUD`
  MODIFY `ID_SALUD` int(11) NOT NULL AUTO_INCREMENT;
--
-- AUTO_INCREMENT de la tabla `INGRESOS_SITUACION_ECONOMICA`
--
ALTER TABLE `INGRESOS_SITUACION_ECONOMICA`
  MODIFY `ID_INGRESOS` int(11) NOT NULL AUTO_INCREMENT;
--
-- AUTO_INCREMENT de la tabla `LDAP`
--
ALTER TABLE `LDAP`
  MODIFY `ID_LDAP` int(11) NOT NULL AUTO_INCREMENT;
--
-- AUTO_INCREMENT de la tabla `MOTRICIDAD`
--
ALTER TABLE `MOTRICIDAD`
  MODIFY `ID_MOTRICIDAD` int(11) NOT NULL AUTO_INCREMENT;
--
-- AUTO_INCREMENT de la tabla `PAIS`
--
ALTER TABLE `PAIS`
  MODIFY `ID_PAIS` int(11) NOT NULL AUTO_INCREMENT, AUTO_INCREMENT=2;
--
-- AUTO_INCREMENT de la tabla `PARROQUIA`
--
ALTER TABLE `PARROQUIA`
  MODIFY `ID_PARROQUIA` int(11) NOT NULL AUTO_INCREMENT, AUTO_INCREMENT=1400;
--
-- AUTO_INCREMENT de la tabla `PERSONA_CONTACTO`
--
ALTER TABLE `PERSONA_CONTACTO`
  MODIFY `ID_CONTACTO` int(11) NOT NULL AUTO_INCREMENT;
--
-- AUTO_INCREMENT de la tabla `PROVINCIA`
--
ALTER TABLE `PROVINCIA`
  MODIFY `ID_PROVINCIA` int(11) NOT NULL AUTO_INCREMENT, AUTO_INCREMENT=26;
--
-- AUTO_INCREMENT de la tabla `REGION`
--
ALTER TABLE `REGION`
  MODIFY `ID_REGION` int(11) NOT NULL AUTO_INCREMENT, AUTO_INCREMENT=5;
--
-- AUTO_INCREMENT de la tabla `ROLE`
--
ALTER TABLE `ROLE`
  MODIFY `ID_ROLE` int(11) NOT NULL AUTO_INCREMENT;
--
-- AUTO_INCREMENT de la tabla `SEGUIMIENTO_ESTUDIANTE`
--
ALTER TABLE `SEGUIMIENTO_ESTUDIANTE`
  MODIFY `ID_SEGUIMIENTO` int(11) NOT NULL AUTO_INCREMENT;
--
-- AUTO_INCREMENT de la tabla `SEXO`
--
ALTER TABLE `SEXO`
  MODIFY `ID_SEXO` int(11) NOT NULL AUTO_INCREMENT;
--
-- AUTO_INCREMENT de la tabla `TRAZA_USER`
--
ALTER TABLE `TRAZA_USER`
  MODIFY `ID_TRAZA` int(11) NOT NULL AUTO_INCREMENT;
--
-- AUTO_INCREMENT de la tabla `USUARIO`
--
ALTER TABLE `USUARIO`
  MODIFY `ID_USUARIO` int(11) NOT NULL AUTO_INCREMENT;
--
-- AUTO_INCREMENT de la tabla `USUARIO_LDAP`
--
ALTER TABLE `USUARIO_LDAP`
  MODIFY `ID_USUARIO_LDAP` int(11) NOT NULL AUTO_INCREMENT;
--
-- Restricciones para tablas volcadas
--

--
-- Filtros para la tabla `CIUDAD`
--
ALTER TABLE `CIUDAD`
  ADD CONSTRAINT `FK_RELATIONSHIP_3` FOREIGN KEY (`ID_PROVINCIA`) REFERENCES `PROVINCIA` (`ID_PROVINCIA`);

--
-- Filtros para la tabla `ESTUDIANTE`
--
ALTER TABLE `ESTUDIANTE`
  ADD CONSTRAINT `FK_RELATIONSHIP_5` FOREIGN KEY (`ID_PARROQUIA`) REFERENCES `PARROQUIA` (`ID_PARROQUIA`),
  ADD CONSTRAINT `FK_RELATIONSHIP_6` FOREIGN KEY (`ID_CIUDAD`) REFERENCES `CIUDAD` (`ID_CIUDAD`),
  ADD CONSTRAINT `FK_RELATIONSHIP_7` FOREIGN KEY (`ID_PROVINCIA`) REFERENCES `PROVINCIA` (`ID_PROVINCIA`),
  ADD CONSTRAINT `FK_RELATIONSHIP_8` FOREIGN KEY (`ID_REGION`) REFERENCES `REGION` (`ID_REGION`),
  ADD CONSTRAINT `FK_RELATIONSHIP_9` FOREIGN KEY (`ID_PAIS`) REFERENCES `PAIS` (`ID_PAIS`);

--
-- Filtros para la tabla `HISTORICO_INFORMACION`
--
ALTER TABLE `HISTORICO_INFORMACION`
  ADD CONSTRAINT `FK_RELATIONSHIP_12` FOREIGN KEY (`ID_ESTUDIANTE`) REFERENCES `ESTUDIANTE` (`ID_ESTUDIANTE`),
  ADD CONSTRAINT `FK_RELATIONSHIP_13` FOREIGN KEY (`ID_PSICOLOGIA2`) REFERENCES `HISTORIAL_DESARROLLO_SOCIOAFECTIVO` (`ID_PSICOLOGIA2`),
  ADD CONSTRAINT `FK_RELATIONSHIP_14` FOREIGN KEY (`ID_VIVIENDA`) REFERENCES `VIVIENDA` (`ID_VIVIENDA`),
  ADD CONSTRAINT `FK_RELATIONSHIP_15` FOREIGN KEY (`ID_SALUD`) REFERENCES `INFORMACION_SALUD` (`ID_SALUD`),
  ADD CONSTRAINT `FK_RELATIONSHIP_16` FOREIGN KEY (`ID_EGRESOS`) REFERENCES `EGRESOS_SITUACION_ECONOMICA` (`ID_EGRESOS`),
  ADD CONSTRAINT `FK_RELATIONSHIP_17` FOREIGN KEY (`ID_INGRESOS`) REFERENCES `INGRESOS_SITUACION_ECONOMICA` (`ID_INGRESOS`),
  ADD CONSTRAINT `FK_RELATIONSHIP_18` FOREIGN KEY (`ID_DESARROLLO_MOTOR`) REFERENCES `DESARROLLO_MOTOR_Y_LENGUAJE` (`ID_DESARROLLO_MOTOR`),
  ADD CONSTRAINT `FK_RELATIONSHIP_19` FOREIGN KEY (`ID_LOGOPEDICA`) REFERENCES `FICHA_LOGOPEDICA` (`ID_LOGOPEDICA`),
  ADD CONSTRAINT `FK_RELATIONSHIP_20` FOREIGN KEY (`ID_ANTECEDENTES_PATOLOGICOS`) REFERENCES `ANTECEDENTES_PATOLOGICOS` (`ID_ANTECEDENTES_PATOLOGICOS`),
  ADD CONSTRAINT `FK_RELATIONSHIP_21` FOREIGN KEY (`ID_ESTRUCTURA_Y_FUNCION_ORAL`) REFERENCES `ESTRUCTURA_Y_FUNCION_ORAL` (`ID_ESTRUCTURA_Y_FUNCION_ORAL`),
  ADD CONSTRAINT `FK_RELATIONSHIP_23` FOREIGN KEY (`ID_APRENDIZAJE`) REFERENCES `APRENDIZAJE_BASICO` (`ID_APRENDIZAJE`),
  ADD CONSTRAINT `FK_RELATIONSHIP_24` FOREIGN KEY (`ID_HISTORIAL`) REFERENCES `HISTORIAL_EDUCATIVO` (`ID_HISTORIAL`),
  ADD CONSTRAINT `FK_RELATIONSHIP_25` FOREIGN KEY (`ID_HABILIDAD`) REFERENCES `HABILIDADES` (`ID_HABILIDAD`),
  ADD CONSTRAINT `FK_RELATIONSHIP_26` FOREIGN KEY (`ID_MOTRICIDAD`) REFERENCES `MOTRICIDAD` (`ID_MOTRICIDAD`),
  ADD CONSTRAINT `FK_RELATIONSHIP_27` FOREIGN KEY (`ID_CONDUCTA`) REFERENCES `CONDUCTA` (`ID_CONDUCTA`),
  ADD CONSTRAINT `FK_RELATIONSHIP_28` FOREIGN KEY (`ID_CONVIVE`) REFERENCES `ESTRUCTURA_FAMILIAR` (`ID_CONVIVE`),
  ADD CONSTRAINT `FK_RELATIONSHIP_29` FOREIGN KEY (`ID_SEGUIMIENTO`) REFERENCES `SEGUIMIENTO_ESTUDIANTE` (`ID_SEGUIMIENTO`),
  ADD CONSTRAINT `FK_RELATIONSHIP_31` FOREIGN KEY (`ID_CONSULTA`) REFERENCES `CONSULTA_MEDICA` (`ID_CONSULTA`);

--
-- Filtros para la tabla `PARROQUIA`
--
ALTER TABLE `PARROQUIA`
  ADD CONSTRAINT `FK_RELATIONSHIP_4` FOREIGN KEY (`ID_CIUDAD`) REFERENCES `CIUDAD` (`ID_CIUDAD`);

--
-- Filtros para la tabla `PROVINCIA`
--
ALTER TABLE `PROVINCIA`
  ADD CONSTRAINT `FK_RELATIONSHIP_2` FOREIGN KEY (`ID_REGION`) REFERENCES `REGION` (`ID_REGION`);

--
-- Filtros para la tabla `REGION`
--
ALTER TABLE `REGION`
  ADD CONSTRAINT `FK_RELATIONSHIP_1` FOREIGN KEY (`ID_PAIS`) REFERENCES `PAIS` (`ID_PAIS`);

--
-- Filtros para la tabla `USUARIO`
--
ALTER TABLE `USUARIO`
  ADD CONSTRAINT `FK_RELATIONSHIP_10` FOREIGN KEY (`ID_SEXO`) REFERENCES `SEXO` (`ID_SEXO`);

--
-- Filtros para la tabla `USUARIO_ROLE`
--
ALTER TABLE `USUARIO_ROLE`
  ADD CONSTRAINT `FK_RELATIONSHIP_11` FOREIGN KEY (`ID_USUARIO`) REFERENCES `USUARIO` (`ID_USUARIO`),
  ADD CONSTRAINT `FK_RELATIONSHIP_30` FOREIGN KEY (`ID_ROLE`) REFERENCES `ROLE` (`ID_ROLE`);

/*!40101 SET CHARACTER_SET_CLIENT=@OLD_CHARACTER_SET_CLIENT */;
/*!40101 SET CHARACTER_SET_RESULTS=@OLD_CHARACTER_SET_RESULTS */;
/*!40101 SET COLLATION_CONNECTION=@OLD_COLLATION_CONNECTION */;
